ID_PROD,COD,PRODUCTO,PROVEEDOR,Cprov,CLASE,TIPO,NOMBRE,C,N,N-NH4,N-NO3,N-org,N-ur,P,K,CaO,MgO,S,B,Co,Cu,Fe,Mn,Mo,SiO2,Zn,Na,COMP1,COMP2,COMP3,COMP4,COMP5,COMP6,COMP7,COMP8,COMP9,COMP10
1080-MFE 32-0-9-CALFERQUIM 1-G,1080,MFE 32-0-9,CALFERQUIM,1,PT,G,1080-MFE 32-0-9-CALFERQUIM 1-G,,"32,00",,,,,"0,00","9,00",,,,,,,,,,,,,,,,,,,,,,
1183-MFE 12-12-22 + EM-CALFERQUIM 1-G,1183,MFE 12-12-22 + EM,CALFERQUIM,1,PT,G,1183-MFE 12-12-22 + EM-CALFERQUIM 1-G,,,,,,,,,,,,,,,,,,,,,,,,,,,,,,
1210-MFE 13N-4P-24K+EM-CALFERQUIM 1-G,1210,MFE 13N-4P-24K+EM,CALFERQUIM,1,PT,G,1210-MFE 13N-4P-24K+EM-CALFERQUIM 1-G,,,,,,,,,,,,,,,,,,,,,,,,,,,,,,
1211-MFE 11N-13P-0K-15Ca-3Mgo4s-CALFERQUIM 1-G,1211,MFE 11N-13P-0K-15Ca-3Mgo4s,CALFERQUIM,1,PT,G,1211-MFE 11N-13P-0K-15Ca-3Mgo4s-CALFERQUIM 1-G,,,,,,,,,,,,,,,,,,,,,,,,,,,,,,
132-ACIDO BORICO- 1-P,132,ACIDO BORICO,,1,MP,P,132-ACIDO BORICO- 1-P,,,,,,,,,,,,,,,,,,,,,,,,,,,,,,
447-ACIDO FULVICO 60- 1-,447,ACIDO FULVICO 60,,1,MP,,447-ACIDO FULVICO 60- 1-,,,,,,,,,,,,,,,,,,,,,,,,,,,,,,
443-ACIDO FULVICO 80- 1-,443,ACIDO FULVICO 80,,1,MP,,443-ACIDO FULVICO 80- 1-,,,,,,,,,,,,,,,,,,,,,,,,,,,,,,
1213-MFE 24N-2P-14K-3Ca+EM-CALFERQUIM 1-G,1213,MFE 24N-2P-14K-3Ca+EM,CALFERQUIM,1,PT,G,1213-MFE 24N-2P-14K-3Ca+EM-CALFERQUIM 1-G,,,,,,,,,,,,,,,,,,,,,,,,,,,,,,
361-AMINOACIDOS 43- 1-P,361,AMINOACIDOS 43,,1,MP,P,361-AMINOACIDOS 43- 1-P,,,,,,,,,,,,,,,,,,,,,,,,,,,,,,
360-AMINOACIDOS 80- 1-P,360,AMINOACIDOS 80,,1,MP,P,360-AMINOACIDOS 80- 1-P,,,,,,,,,,,,,,,,,,,,,,,,,,,,,,
320-ARCICOL- 1-,320,ARCICOL,,1,MP,,320-ARCICOL- 1-,,,,,,,,,,,,,,,,,,,,,,,,,,,,,,
145-AZUFRE- 1-G,145,AZUFRE,,1,MP,G,145-AZUFRE- 1-G,,,,,,,,,,,"51,00",,,,,,,,,,,,,,,,,,,
130-AZUFRE M100- 1-P,130,AZUFRE M100,,1,MP,P,130-AZUFRE M100- 1-P,,,,,,,,,,,"51,00",,,,,,,,,,,,,,,,,,,
1214-MFE 21N-4P-7K+EM-CALFERQUIM 1-G,1214,MFE 21N-4P-7K+EM,CALFERQUIM,1,PT,G,1214-MFE 21N-4P-7K+EM-CALFERQUIM 1-G,,,,,,,,,,,,,,,,,,,,,,,,,,,,,,
1204-BASE 1-VIJES 1-P,1204,BASE 1,VIJES,1,MP,P,1204-BASE 1-VIJES 1-P,,,,,,,,,,,,,,,,,,,,,,,,,,,,,,
223-BENTONITA CALCICA- 1-P,223,BENTONITA CALCICA,,1,MP,P,223-BENTONITA CALCICA- 1-P,,,,,,,,,,,,,,,,,,,,,,,,,,,,,,
370-BENTONITA GRIS-COMERCIALIZADORA HA 4-P,370,BENTONITA GRIS,COMERCIALIZADORA HA,4,MP,P,370-BENTONITA GRIS-COMERCIALIZADORA HA 4-P,,,,,,,,"2,00","6,00","4,00",,,,,,,,"57,00",,,,,,,,,,,,
370-BENTONITA GRIS-DIDIER HOYOS 1-P,370,BENTONITA GRIS,DIDIER HOYOS,1,MP,P,370-BENTONITA GRIS-DIDIER HOYOS 1-P,,,,,,,,"2,00","6,00","4,00",,,,,,,,"57,00",,,,,,,,,,,,
370-BENTONITA GRIS-FERTICAUCA 3-P,370,BENTONITA GRIS,FERTICAUCA,3,MP,P,370-BENTONITA GRIS-FERTICAUCA 3-P,,,,,,,,"2,00","6,00","4,00",,,,,,,,"57,00",,,,,,,,,,,,
370-BENTONITA GRIS-HENRY CORONADO 2-P,370,BENTONITA GRIS,HENRY CORONADO,2,MP,P,370-BENTONITA GRIS-HENRY CORONADO 2-P,,,,,,,,,"6,00","4,00",,,,,,,,"57,00",,,,,,,,,,,,
111-BENTONITA ROJA-COMERCIALIZADORA HA 3-P,111,BENTONITA ROJA,COMERCIALIZADORA HA,3,MP,P,111-BENTONITA ROJA-COMERCIALIZADORA HA 3-P,,,,,,,,,,"1,00",,,,,,,,"47,00",,,,,,,,,,,,
111-BENTONITA ROJA-FERTICAUCA 4-P,111,BENTONITA ROJA,FERTICAUCA,4,MP,P,111-BENTONITA ROJA-FERTICAUCA 4-P,,,,,,,,,,"1,00",,,,,,,,"47,00",,,,,,,,,,,,
111-BENTONITA ROJA-HYM 2-P,111,BENTONITA ROJA,HYM,2,MP,P,111-BENTONITA ROJA-HYM 2-P,,,,,,,,,,"1,00",,,,,,,,"47,00",,,,,,,,,,,,
111-BENTONITA ROJA-MINERALES 1-P,111,BENTONITA ROJA,MINERALES,1,MP,P,111-BENTONITA ROJA-MINERALES 1-P,,,,,,,,,,"1,00",,,,,,,,"47,00",,,,,,,,,,,,
198-BENTONITA SODICA- 1-P,198,BENTONITA SODICA,,1,MP,P,198-BENTONITA SODICA- 1-P,,,,,,,,,,,,,,,,,,,,,,,,,,,,,,
204-BIOCANE- 1-P,204,BIOCANE,,1,MP,P,204-BIOCANE- 1-P,,,,,,,,,,,,,,,,,,,,,,,,,,,,,,
123-BORO G-CALFERQUIM 1-G,123,BORO G,CALFERQUIM,1,PT,G,123-BORO G-CALFERQUIM 1-G,,,,,,,,,,,,"10,00",,,,,,,,,,,,,,,,,,
1268-MFE 22N-8K-7P+MENORES-CALFERQUIM 1-G,1268,MFE 22N-8K-7P+MENORES,CALFERQUIM,1,PT,G,1268-MFE 22N-8K-7P+MENORES-CALFERQUIM 1-G,,,,,,,,,,,,,,,,,,,,,,,,,,,,,,
1269-MFE 24N-0P-12-CALFERQUIM 1-G,1269,MFE 24N-0P-12,CALFERQUIM,1,PT,G,1269-MFE 24N-0P-12-CALFERQUIM 1-G,,,,,,,,,,,,,,,,,,,,,,,,,,,,,,
1275-NUCLEO CALCIO 40-CALFERQUIM 1-G,1275,NUCLEO CALCIO 40,CALFERQUIM,1,PT,G,1275-NUCLEO CALCIO 40-CALFERQUIM 1-G,,,,,,,,,,,,,,,,,,,,,,,,,,,,,,
463-CAL APAGADA-JAMAROL 1-P,463,CAL APAGADA,JAMAROL,1,MP,P,463-CAL APAGADA-JAMAROL 1-P,,,,,,,,,"55,00",,,,,,,,,,,,,,,,,,,,,
120-CAL DOLOMITA-BM 1-P,120,CAL DOLOMITA,BM,1,MP,P,120-CAL DOLOMITA-BM 1-P,,,,,,,,,"34,00","14,00",,,,,,,,,,,,,,,,,,,,
1278-MFE 10N-20P-5K+MENORES-CALFERQUIM 1-G,1278,MFE 10N-20P-5K+MENORES,CALFERQUIM,1,PT,G,1278-MFE 10N-20P-5K+MENORES-CALFERQUIM 1-G,,,,,,,,,,,,,,,,,,,,,,,,,,,,,,
1293-MFE 30N-5P-1K-CALFERQUIM 1-G,1293,MFE 30N-5P-1K,CALFERQUIM,1,PT,G,1293-MFE 30N-5P-1K-CALFERQUIM 1-G,,,,,,,,,,,,,,,,,,,,,,,,,,,,,,
1294-MFE 11N-20K-21P-CALFERQUIM 1-G,1294,MFE 11N-20K-21P,CALFERQUIM,1,PT,G,1294-MFE 11N-20K-21P-CALFERQUIM 1-G,,,,,,,,,,,,,,,,,,,,,,,,,,,,,,
1295-MFE 7N-14K-29P-CALFERQUIM 1-G,1295,MFE 7N-14K-29P,CALFERQUIM,1,PT,G,1295-MFE 7N-14K-29P-CALFERQUIM 1-G,,,,,,,,,,,,,,,,,,,,,,,,,,,,,,
1309-MFE 17N-5K-6P-CALFERQUIM 1-G,1309,MFE 17N-5K-6P,CALFERQUIM,1,PT,G,1309-MFE 17N-5K-6P-CALFERQUIM 1-G,,,,,,,,,,,,,,,,,,,,,,,,,,,,,,
1320-MFE 8N-20K-10P-CALFERQUIM 1-G,1320,MFE 8N-20K-10P,CALFERQUIM,1,PT,G,1320-MFE 8N-20K-10P-CALFERQUIM 1-G,,,,,,,,,,,,,,,,,,,,,,,,,,,,,,
113-CALFOS G- 1-G,113,CALFOS G,,1,MP,G,113-CALFOS G- 1-G,,,,,,,,,,,,,,,,,,,,,,,,,,,,,,
110-CAOLIN GRIS- 1-P,110,CAOLIN GRIS,,1,MP,P,110-CAOLIN GRIS- 1-P,,,,,,,,,,,,,,,,,,,,,,,,,,,,,,
105-CARBONATO CALCIO-AGROCALES 1-P,105,CARBONATO CALCIO,AGROCALES,1,MP,P,105-CARBONATO CALCIO-AGROCALES 1-P,,,,,,,,,"44,00",,,,,,,,,,,,,,,,,,,,,
105-CARBONATO CALCIO-HELVECIA 2-P,105,CARBONATO CALCIO,HELVECIA,2,MP,P,105-CARBONATO CALCIO-HELVECIA 2-P,,,,,,,,,"44,00",,,,,,,,,,,,,,,,,,,,,
105-CARBONATO CALCIO-JAMAROL 3-P,105,CARBONATO CALCIO,JAMAROL,3,MP,P,105-CARBONATO CALCIO-JAMAROL 3-P,,,,,,,,,"44,00",,,,,,,,,,,,,,,,,,,,,
1321-MFE 24N-6K-0P-CALFERQUIM 1-G,1321,MFE 24N-6K-0P,CALFERQUIM,1,PT,G,1321-MFE 24N-6K-0P-CALFERQUIM 1-G,,,,,,,,,,,,,,,,,,,,,,,,,,,,,,
103-CITRATO ZINC- 1-P,103,CITRATO ZINC,,1,MP,P,103-CITRATO ZINC- 1-P,,,,,,,,,,,,,,,,,,,,,,,,,,,,,,
1327-MFE 25-4-13-CALFERQUIM 1-G,1327,MFE 25-4-13,CALFERQUIM,1,PT,G,1327-MFE 25-4-13-CALFERQUIM 1-G,,,,,,,,,,,,,,,,,,,,,,,,,,,,,,
136-MF 27-17-0Ca-CALFERQUIM 1-G,136,MF 27-17-0Ca,CALFERQUIM,1,PT,G,136-MF 27-17-0Ca-CALFERQUIM 1-G,,"27,00",,,,,"17,00",,,,,,,,,,,,,,,,,,,,,,,
97-DAP-CIAMSA 4-G,97,DAP,CIAMSA,4,MP,G,97-DAP-CIAMSA 4-G,,"18,00","18,00",,,,"46,00",,,,,,,,,,,,,,,,,,,,,,,
97-DAP-DISAN 3-G,97,DAP,DISAN,3,MP,G,97-DAP-DISAN 3-G,,"18,00","18,00",,,,"46,00",,,,,,,,,,,,,,,,,,,,,,,
97-DAP-EVOAGRO 5-G,97,DAP,EVOAGRO,5,MP,G,97-DAP-EVOAGRO 5-G,,"18,00","18,00",,,,"46,00",,,,,,,,,,,,,,,,,,,,,,,
97-DAP-MONOMEROS 7-g,97,DAP,MONOMEROS,7,MP,g,97-DAP-MONOMEROS 7-g,,,,,,,,,,,,,,,,,,,,,,,,,,,,,,
97-DAP-NITROFERT 6-G,97,DAP,NITROFERT,6,MP,G,97-DAP-NITROFERT 6-G,,"18,00","18,00",,,,"46,00",,,,,,,,,,,,,,,,,,,,,,,
97-DAP-NUTRICION PLANTAS 1-G,97,DAP,NUTRICION PLANTAS,1,MP,G,97-DAP-NUTRICION PLANTAS 1-G,,"18,00","18,00",,,,"46,00",,,,,,,,,,,,,,,,,,,,,,,
97-DAP-PRECISAGRO 8-G,97,DAP,PRECISAGRO,8,MP,G,97-DAP-PRECISAGRO 8-G,,,,,,,,,,,,,,,,,,,,,,,,,,,,,,
226-DAP TECNICO- 1-P,226,DAP TECNICO,,1,MP,P,226-DAP TECNICO- 1-P,,,,,,,,,,,,,,,,,,,,,,,,,,,,,,
79-DKP- 1-G,79,DKP,,1,MP,G,79-DKP- 1-G,,,,,,,,,,,,,,,,,,,,,,,,,,,,,,
359-EXTRACTO ALGAS- 1-P,359,EXTRACTO ALGAS,,1,MP,P,359-EXTRACTO ALGAS- 1-P,,,,,,,,,,,,,,,,,,,,,,,,,,,,,,
137-MF 10-20-20-CALFERQUIM 1-G,137,MF 10-20-20,CALFERQUIM,1,PT,G,137-MF 10-20-20-CALFERQUIM 1-G,,"10,00",,,,,"20,00","20,00",,,,,,,,,,,,,,,,,,,,,,
140-NUCLEO FERCON-CALFERQUIM 1-G,140,NUCLEO FERCON,CALFERQUIM,1,PT,G,140-NUCLEO FERCON-CALFERQUIM 1-G,,,,,,,,,"17,00","17,00","4,00",,,,,,,"12,00",,,,,,,,,,,,
141-FE SULFATO CALCIO P-CALFERQUIM 1-G,141,FE SULFATO CALCIO P,CALFERQUIM,1,PT,G,141-FE SULFATO CALCIO P-CALFERQUIM 1-G,,,,,,,,,"26,40","1,50","10,80",,,,,,,"2,80",,,,,,,,,,,,
146-MF 25-0-17-4S+EM-CALFERQUIM 1-G,146,MF 25-0-17-4S+EM,CALFERQUIM,1,PT,G,146-MF 25-0-17-4S+EM-CALFERQUIM 1-G,,"25,00",,,,,"0,00","17,00",,,"4,00",,,,,,,,,,,,,,,,,,,
148-MF 25-10-18+ MENORES-CALFERQUIM 1-G,148,MF 25-10-18+ MENORES,CALFERQUIM,1,PT,G,148-MF 25-10-18+ MENORES-CALFERQUIM 1-G,,"25,00",,,,,"10,00","18,00",,,,,,,,,,,,,,,,,,,,,,
150-CALFERZINC P-CALFERQUIM 1-G,150,CALFERZINC P,CALFERQUIM,1,PT,G,150-CALFERZINC P-CALFERQUIM 1-G,,,,,,,,"3,00",,,"7,00",,,,,,,,"22,00",,,,,,,,,,,
154-MAGNE 3-CALFERQUIM 1-G,154,MAGNE 3,CALFERQUIM,1,PT,G,154-MAGNE 3-CALFERQUIM 1-G,,,,,,,,"3,00","4,50","27,00","5,50",,,,,,,"13,00",,,,,,,,,,,,
155-RAIFOS 20-CALFERQUIM 1-G,155,RAIFOS 20,CALFERQUIM,1,PT,G,155-RAIFOS 20-CALFERQUIM 1-G,"5,00",,,,,,"20,00",,"23,00","1,50","1,00",,,,,,,"21,00",,,,,,,,,,,,
157-FE MAGNE 6-CALFERQUIM 1-G,157,FE MAGNE 6,CALFERQUIM,1,PT,G,157-FE MAGNE 6-CALFERQUIM 1-G,,,,,,,,,,,,,,,,,,,,,,,,,,,,,,
159-MF 26-0-17+EM-CALFERQUIM 1-G,159,MF 26-0-17+EM,CALFERQUIM,1,PT,G,159-MF 26-0-17+EM-CALFERQUIM 1-G,,"26,00",,,,,"0,00","17,00",,,,,,,,,,,,,,,,,,,,,,
160-ZUELO CA-CALFERQUIM 1-G,160,ZUELO CA,CALFERQUIM,1,PT,G,160-ZUELO CA-CALFERQUIM 1-G,,,,,,,,"3,00","27,00","12,00","4,00",,,,,,,"4,00",,,,,,,,,,,,
161-FERTIMENORES-CALFERQUIM 1-P,161,FERTIMENORES,CALFERQUIM,1,PT,P,161-FERTIMENORES-CALFERQUIM 1-P,,"4,00",,,,,"10,00",,"13,00","7,00","7,00","1,00","0,50",,,,,,"2,50",,,,,,,,,,,
163-MF 30-0-20 +EM +TMC-CALFERQUIM 1-G,163,MF 30-0-20 +EM +TMC,CALFERQUIM,1,PT,G,163-MF 30-0-20 +EM +TMC-CALFERQUIM 1-G,,"30,00",,,,,"0,00","20,00",,,,,,,,,,,,,,,,,,,,,,
164-MICRON C-CALFERQUIM 1-G,164,MICRON C,CALFERQUIM,1,PT,G,164-MICRON C-CALFERQUIM 1-G,,"46,00",,,,,,,,,,,,,,,,,,,,,,,,,,,,
501-HIDROXIDO CALCIO-JAMAROL 1-P,501,HIDROXIDO CALCIO,JAMAROL,1,MP,P,501-HIDROXIDO CALCIO-JAMAROL 1-P,,,,,,,,,"55,00",,,,,,,,,,,,,,,,,,,,,
165-MF 28-1-12+EM-CALFERQUIM 1-G,165,MF 28-1-12+EM,CALFERQUIM,1,PT,G,165-MF 28-1-12+EM-CALFERQUIM 1-G,,"28,00",,,,,"1,00","12,00","2,00",,,,,,,,,,,,,,,,,,,,,
144-KCL-ABOCAR 4-G,144,KCL,ABOCAR,4,MP,G,144-KCL-ABOCAR 4-G,,,,,,,,"60,00",,,,,,,,,,,,,,,,,,,,,,
144-KCL-DISAN 6-G,144,KCL,DISAN,6,MP,G,144-KCL-DISAN 6-G,,,,,,,,"60,00",,,,,,,,,,,,,,,,,,,,,,
144-KCL-EVOAGRO 3-G,144,KCL,EVOAGRO,3,MP,G,144-KCL-EVOAGRO 3-G,,,,,,,,"60,00",,,,,,,,,,,,,,,,,,,,,,
144-KCL-NUTRICION PLANTAS 2-G,144,KCL,NUTRICION PLANTAS,2,MP,G,144-KCL-NUTRICION PLANTAS 2-G,,,,,,,,"60,00",,,,,,,,,,,,,,,,,,,,,,
144-KCL-SQM 1-G,144,KCL,SQM,1,MP,G,144-KCL-SQM 1-G,,,,,,,,"60,00",,,,,,,,,,,,,,,,,,,,,,
144-KCL GR-CIAMSA 5-G,144,KCL GR,CIAMSA,5,MP,G,144-KCL GR-CIAMSA 5-G,,,,,,,,"60,00",,,,,,,,,,,,,,,,,,,,,,
143-KCL STD-DISAN 1-P,143,KCL STD,DISAN,1,MP,P,143-KCL STD-DISAN 1-P,,,,,,,,"60,00",,,,,,,,,,,,,,,,,,,,,,
74-KIESERITA-MANUCHAR 1-P,74,KIESERITA,MANUCHAR,1,MP,P,74-KIESERITA-MANUCHAR 1-P,,,,,,,,,,"25,00","20,00",,,,,,,,,,,,,,,,,,,
75-KIESERITA- 1-G,75,KIESERITA,,1,MP,G,75-KIESERITA- 1-G,,,,,,,,,,"25,00","20,00",,,,,,,,,,,,,,,,,,,
75-KIESERITA GR-NUTRICION DE PLANTAS 2-G,75,KIESERITA GR,NUTRICION DE PLANTAS,2,MP,G,75-KIESERITA GR-NUTRICION DE PLANTAS 2-G,,,,,,,,,,"25,00","20,00",,,,,,,,,,,,,,,,,,,
75-KIESERITA GR-PQP 3-G,75,KIESERITA GR,PQP,3,MP,G,75-KIESERITA GR-PQP 3-G,,,,,,,,,,"25,00","20,00",,,,,,,,,,,,,,,,,,,
152-LEONARDITA- 1-P,152,LEONARDITA,,1,MP,P,152-LEONARDITA- 1-P,,,,,,,,,,,,,,,,,,,,,,,,,,,,,,
168-MF 38-0-0-8-CALFERQUIM 1-G,168,MF 38-0-0-8,CALFERQUIM,1,PT,G,168-MF 38-0-0-8-CALFERQUIM 1-G,,"38,00",,,,,"0,00","0,00","8,00",,,,,,,,,,,,,,,,,,,,,
72-MAP-CIAMSA 2-G,72,MAP,CIAMSA,2,MP,G,72-MAP-CIAMSA 2-G,,"11,00","11,00",,,,"52,00",,,,,,,,,,,,,,,,,,,,,,,
72-MAP-EVOAGRO 5-G,72,MAP,EVOAGRO,5,MP,G,72-MAP-EVOAGRO 5-G,,"11,00","11,00",,,,"52,00",,,,,,,,,,,,,,,,,,,,,,,
72-MAP-NITROFERT 4-G,72,MAP,NITROFERT,4,MP,G,72-MAP-NITROFERT 4-G,,"11,00","11,00",,,,"52,00",,,,,,,,,,,,,,,,,,,,,,,
72-MAP-NUTRICION PLANTAS 1-G,72,MAP,NUTRICION PLANTAS,1,MP,G,72-MAP-NUTRICION PLANTAS 1-G,,"11,00","11,00",,,,"52,00",,,,,,,,,,,,,,,,,,,,,,,
72-MAP-PRECISAGRO 3-G,72,MAP,PRECISAGRO,3,MP,G,72-MAP-PRECISAGRO 3-G,,"10,00","10,00",,,,"50,00",,,,,,,,,,,,,,,,,,,,,,,
193-MAP IMPORTADO- 3-G,193,MAP IMPORTADO,,3,MP,G,193-MAP IMPORTADO- 3-G,,,,,,,,,,,,,,,,,,,,,,,,,,,,,,
193-MAP STD-PRECISAGRO 1-P,193,MAP STD,PRECISAGRO,1,MP,P,193-MAP STD-PRECISAGRO 1-P,,"12,00","12,00",,,,"52,00",,,,,,,,,,,,,,,,,,,,,,,
193-MAP STD-SQM 2-P,193,MAP STD,SQM,2,MP,P,193-MAP STD-SQM 2-P,,"12,00","12,00",,,,"61,00",,,,,,,,,,,,,,,,,,,,,,,
172-MF 21-1-2+EM-CALFERQUIM 1-G,172,MF 21-1-2+EM,CALFERQUIM,1,PT,G,172-MF 21-1-2+EM-CALFERQUIM 1-G,,"21,00",,,,,"1,00","2,00",,,,,,,,,,,,,,,,,,,,,,
174-MF 24-3-9-3+EM-CALFERQUIM 1-G,174,MF 24-3-9-3+EM,CALFERQUIM,1,PT,G,174-MF 24-3-9-3+EM-CALFERQUIM 1-G,,"24,00",,,,,"3,00","9,00","3,00",,,,,,,,,,,,,,,,,,,,,
175-MF 25-10-18+EM-CALFERQUIM 1-G,175,MF 25-10-18+EM,CALFERQUIM,1,PT,G,175-MF 25-10-18+EM-CALFERQUIM 1-G,,"25,00",,,,,"10,00","18,00",,,,,,,,,,,,,,,,,,,,,,
176-MF 26-1-12-+EM-CALFERQUIM 1-G,176,MF 26-1-12-+EM,CALFERQUIM,1,PT,G,176-MF 26-1-12-+EM-CALFERQUIM 1-G,,"26,00",,,,,"1,00","12,00",,,,,,,,,,,,,,,,,,,,,,
187-MF 31-0-20+TMC-CALFERQUIM 1-G,187,MF 31-0-20+TMC,CALFERQUIM,1,PT,G,187-MF 31-0-20+TMC-CALFERQUIM 1-G,,"31,00",,,,,"0,00","20,00",,,,,,,,,,,,,,,,,,,,,,
188-MICRON CS-CALFERQUIM 1-G,188,MICRON CS,CALFERQUIM,1,PT,G,188-MICRON CS-CALFERQUIM 1-G,,"40,00",,,,,,,,,"6,00",,,,,,,,,,,,,,,,,,,
20-MF 23-3-20-CALFERQUIM 1-G,20,MF 23-3-20,CALFERQUIM,1,PT,G,20-MF 23-3-20-CALFERQUIM 1-G,,"23,00",,,,,"3,00","20,00","3,00",,,,,,,,,,,,,,,,,,,,,
208-NUCLEO MAGNESIO-CALFERQUIM 1-G,208,NUCLEO MAGNESIO,CALFERQUIM,1,PT,G,208-NUCLEO MAGNESIO-CALFERQUIM 1-G,,,,,,,,,,"16,00","8,00",,,,,,,,,,,,,,,,,,,
21-MF-17-6-18-2-CALFERQUIM 1-G,21,MF-17-6-18-2,CALFERQUIM,1,PT,G,21-MF-17-6-18-2-CALFERQUIM 1-G,,"17,00",,,,,"6,00","18,00",,,"2,00",,,,,,,,,,,,,,,,,,,
213-FE SULFATO CALCIO Z-CALFERQUIM 1-P,213,FE SULFATO CALCIO Z,CALFERQUIM,1,PT,P,213-FE SULFATO CALCIO Z-CALFERQUIM 1-P,,,,,,,,,,,,,,,,,,,,,,,,,,,,,,
22-FE SULFATO ZINC-CALFERQUIM 1-,22,FE SULFATO ZINC,CALFERQUIM,1,PT,,22-FE SULFATO ZINC-CALFERQUIM 1-,,,,,,,,,,,,,,,,,,,,,,,,,,,,,,
22-MF-23-3-20-4Ca-3Si-CALFERQUIM 1-G,22,MF-23-3-20-4Ca-3Si,CALFERQUIM,1,PT,G,22-MF-23-3-20-4Ca-3Si-CALFERQUIM 1-G,,"23,00",,,,,"3,00","20,00","4,00",,,,,,,,,"3,00",,,,,,,,,,,,
229-POLVILLO MAGNE 6-CALFERQUIM 1-,229,POLVILLO MAGNE 6,CALFERQUIM,1,PT,,229-POLVILLO MAGNE 6-CALFERQUIM 1-,,,,,,,,,,,,,,,,,,,,,,,,,,,,,,
230-POLVILLO MAGNESIO-CALFERQUIM 1-,230,POLVILLO MAGNESIO,CALFERQUIM,1,PT,,230-POLVILLO MAGNESIO-CALFERQUIM 1-,,,,,,,,,,,,,,,,,,,,,,,,,,,,,,
26-CALFERMAGNESIO-CALFERQUIM 1-,26,CALFERMAGNESIO,CALFERQUIM,1,PT,,26-CALFERMAGNESIO-CALFERQUIM 1-,,,,,,,,,,,,,,,,,,,,,,,,,,,,,,
268-MF 12-24-12-CALFERQUIM 1-G,268,MF 12-24-12,CALFERQUIM,1,PT,G,268-MF 12-24-12-CALFERQUIM 1-G,,"12,00",,,,,"24,00","12,00",,,,,,,,,,,,,,,,,,,,,,
284-MF 20-17-18+TCM-CALFERQUIM 1-G,284,MF 20-17-18+TCM,CALFERQUIM,1,PT,G,284-MF 20-17-18+TCM-CALFERQUIM 1-G,,"20,00",,,,,"17,00","18,00",,,,,,,,,,,,,,,,,,,,,,
287-POLVILLO NUCLEO 4-CALFERQUIM 1-,287,POLVILLO NUCLEO 4,CALFERQUIM,1,PT,,287-POLVILLO NUCLEO 4-CALFERQUIM 1-,,,,,,,,,,,,,,,,,,,,,,,,,,,,,,
"292-MF 52K-1,1B-0,5Zn-CALFERQUIM 1-G",292,"MF 52K-1,1B-0,5Zn",CALFERQUIM,1,PT,G,"292-MF 52K-1,1B-0,5Zn-CALFERQUIM 1-G",,"0,00",,,,,"0,00","52,00",,,,"1,10",,,,,,,"0,50",,,,,,,,,,,
294-POLVILLO CALFERZINC P-CALFERQUIM 1-,294,POLVILLO CALFERZINC P,CALFERQUIM,1,PT,,294-POLVILLO CALFERZINC P-CALFERQUIM 1-,,,,,,,,,,,,,,,,,,,,,,,,,,,,,,
295-POLVILLO MAGNE 3-CALFERQUIM 1-,295,POLVILLO MAGNE 3,CALFERQUIM,1,PT,,295-POLVILLO MAGNE 3-CALFERQUIM 1-,,,,,,,,,,,,,,,,,,,,,,,,,,,,,,
298-MF 31-0-20+NX-CALFERQUIM 1-G,298,MF 31-0-20+NX,CALFERQUIM,1,PT,G,298-MF 31-0-20+NX-CALFERQUIM 1-G,,"31,00",,,,,"0,00","20,00",,,,,,,,,,,,,,,,,,,,,,
299-MF 28-0-6-2Ca+EM-CALFERQUIM 1-G,299,MF 28-0-6-2Ca+EM,CALFERQUIM,1,PT,G,299-MF 28-0-6-2Ca+EM-CALFERQUIM 1-G,,"28,00",,,,,"0,00","6,00","2,00",,,,,,,,,,,,,,,,,,,,,
300-K2K-CALFERQUIM 1-G,300,K2K,CALFERQUIM,1,PT,G,300-K2K-CALFERQUIM 1-G,"5,00",,,,,,,"28,76","2,84",,"3,42",,,,,,,"1,00",,"0,31",,,,,,,,,,
301-MF 19-1-2-1+EM-CALFERQUIM 1-G,301,MF 19-1-2-1+EM,CALFERQUIM,1,PT,G,301-MF 19-1-2-1+EM-CALFERQUIM 1-G,,"19,00",,,,,"1,00","2,00","1,00",,,,,,,,,,,,,,,,,,,,,
303-MF 28-1-6-2Ca+EM-CALFERQUIM 1-G,303,MF 28-1-6-2Ca+EM,CALFERQUIM,1,PT,G,303-MF 28-1-6-2Ca+EM-CALFERQUIM 1-G,,"28,00",,,,,"1,00","6,00","2,00",,,,,,,,,,,,,,,,,,,,,
304-MF 19-5-9-5+EM-CALFERQUIM 1-G,304,MF 19-5-9-5+EM,CALFERQUIM,1,PT,G,304-MF 19-5-9-5+EM-CALFERQUIM 1-G,,"19,00",,,,,"5,00","6,00","5,00",,,,,,,,,,,,,,,,,,,,,
306-FE SULFATO CALCIO C-CALFERQUIM 1-,306,FE SULFATO CALCIO C,CALFERQUIM,1,PT,,306-FE SULFATO CALCIO C-CALFERQUIM 1-,,,,,,,,,,,,,,,,,,,,,,,,,,,,,,
307-MF 21N-4P-5K-3Ca+MENORES-CALFERQUIM 1-G,307,MF 21N-4P-5K-3Ca+MENORES,CALFERQUIM,1,PT,G,307-MF 21N-4P-5K-3Ca+MENORES-CALFERQUIM 1-G,,"21,00",,,,,"4,00","5,00","3,00",,,,,,,,,,,,,,,,,,,,,
308-MF 24-0-17+EM-CALFERQUIM 1-G,308,MF 24-0-17+EM,CALFERQUIM,1,PT,G,308-MF 24-0-17+EM-CALFERQUIM 1-G,,"24,00",,,,,"0,00","17,00",,,,,,,,,,,,,,,,,,,,,,
311-CALFERCORRECTIVO-CALFERQUIM 1-G,311,CALFERCORRECTIVO,CALFERQUIM,1,PT,G,311-CALFERCORRECTIVO-CALFERQUIM 1-G,,,,,,,,,,,,,,,,,,,,,,,,,,,,,,
312-MF 28-0-9-2Ca+EM-CALFERQUIM 1-G,312,MF 28-0-9-2Ca+EM,CALFERQUIM,1,PT,G,312-MF 28-0-9-2Ca+EM-CALFERQUIM 1-G,,"28,00",,,,,"0,00","9,00","2,00",,,,,,,,,,,,,,,,,,,,,
313-MF 8-24-8+EM-CALFERQUIM 1-G,313,MF 8-24-8+EM,CALFERQUIM,1,PT,G,313-MF 8-24-8+EM-CALFERQUIM 1-G,,"8,00",,,,,"24,00","8,00",,,,,,,,,,,,,,,,,,,,,,
314-MFE 13N-26P-6K+EM-CALFERQUIM 1-G,314,MFE 13N-26P-6K+EM,CALFERQUIM,1,PT,G,314-MFE 13N-26P-6K+EM-CALFERQUIM 1-G,,"13,00",,,,,"26,00","6,00",,,,,,,,,,,,,,,,,,,,,,
315-MF 22N 3P 13K 4S+MENORES-CALFERQUIM 1-G,315,MF 22N 3P 13K 4S+MENORES,CALFERQUIM,1,PT,G,315-MF 22N 3P 13K 4S+MENORES-CALFERQUIM 1-G,,"21,00",,,,,"3,00","13,00",,,"4,00",,,,,,,,,,,,,,,,,,,
316-MF 21N-3P-8K-3Ca+MENORES-CALFERQUIM 1-G,316,MF 21N-3P-8K-3Ca+MENORES,CALFERQUIM,1,PT,G,316-MF 21N-3P-8K-3Ca+MENORES-CALFERQUIM 1-G,,"21,00",,,,,"3,00","8,00","3,00",,,,,,,,,,,,,,,,,,,,,
317-MF 12-24-12+EM-CALFERQUIM 1-G,317,MF 12-24-12+EM,CALFERQUIM,1,PT,G,317-MF 12-24-12+EM-CALFERQUIM 1-G,,"12,00",,,,,"24,00","12,00",,,,,,,,,,,,,,,,,,,,,,
318-MF 12-7-12+EM-CALFERQUIM 1-G,318,MF 12-7-12+EM,CALFERQUIM,1,PT,G,318-MF 12-7-12+EM-CALFERQUIM 1-G,,"12,00",,,,,"7,00","12,00",,,,,,,,,,,,,,,,,,,,,,
32-SAM-CALFERQUIM -g,32,SAM,CALFERQUIM,,MP,g,32-SAM-CALFERQUIM -g,,,,,,,,,,,,,,,,,,,,,,,,,,,,,,
32-SAM-CALFERQUIM 4-G,32,SAM,CALFERQUIM,4,MP,G,32-SAM-CALFERQUIM 4-G,,"21,00","21,00",,,,,,,,"24,00",,,,,,,,,,,,,,,,,,,
322-TERRAFERTIL-CALFERQUIM 1-P,322,TERRAFERTIL,CALFERQUIM,1,PT,P,322-TERRAFERTIL-CALFERQUIM 1-P,,,,,,,,,,,,,,,,,,,,,,,,,,,,,,
325-CALFERCAT-CALFERQUIM 1-P,325,CALFERCAT,CALFERQUIM,1,PT,P,325-CALFERCAT-CALFERQUIM 1-P,,,,,,,,,,,,,,,,,,,,,,,,,,,,,,
327-MF 32-6-5-2SI-1CO-CALFERQUIM 1-G,327,MF 32-6-5-2SI-1CO,CALFERQUIM,1,PT,G,327-MF 32-6-5-2SI-1CO-CALFERQUIM 1-G,"1,00","32,00",,,,,"6,00","5,00",,,,,,,,,,"2,00",,,,,,,,,,,,
328-MF 25-0-15+EM-CALFERQUIM 1-G,328,MF 25-0-15+EM,CALFERQUIM,1,PT,G,328-MF 25-0-15+EM-CALFERQUIM 1-G,,"25,00",,,,,"0,00","15,00",,,,,,,,,,,,,,,,,,,,,,
348-MF 24-5-7-5S-3Ca+1CO-CALFERQUIM 1-G,348,MF 24-5-7-5S-3Ca+1CO,CALFERQUIM,1,PT,G,348-MF 24-5-7-5S-3Ca+1CO-CALFERQUIM 1-G,"1,00","24,00",,,,,"5,00","7,00","3,00",,"5,00",,,,,,,,,,,,,,,,,,,
35-SILIMAGRAN-CALFERQUIM 1-G,35,SILIMAGRAN,CALFERQUIM,1,PT,G,35-SILIMAGRAN-CALFERQUIM 1-G,,,,,,,"5,00",,,"30,00",,,,,,,,"30,00",,,,,,,,,,,,
350-B-ZINC-CALFERQUIM 1-G,350,B-ZINC,CALFERQUIM,1,PT,G,350-B-ZINC-CALFERQUIM 1-G,,,,,,,,,,,,,,,,,,,,,,,,,,,,,,
352-MF 28-1-6-5S-EM+1CO-CALFERQUIM 1-G,352,MF 28-1-6-5S-EM+1CO,CALFERQUIM,1,PT,G,352-MF 28-1-6-5S-EM+1CO-CALFERQUIM 1-G,"1,00","28,00",,,,,"1,00","6,00",,,"5,00",,,,,,,,,,,,,,,,,,,
353-MF 18-8-5-4+EM-CALFERQUIM 1-G,353,MF 18-8-5-4+EM,CALFERQUIM,1,PT,G,353-MF 18-8-5-4+EM-CALFERQUIM 1-G,,"18,00",,,,,"8,00","5,00","4,00",,,,,,,,,,,,,,,,,,,,,
356-MF 7-7-5-3S+EM+2CO-CALFERQUIM 1-G,356,MF 7-7-5-3S+EM+2CO,CALFERQUIM,1,PT,G,356-MF 7-7-5-3S+EM+2CO-CALFERQUIM 1-G,"2,00","7,00",,,,,"7,00","5,00",,,"3,00",,,,,,,,,,,,,,,,,,,
357-MF 21-5-10-6S+EM-CALFERQUIM 1-G,357,MF 21-5-10-6S+EM,CALFERQUIM,1,PT,G,357-MF 21-5-10-6S+EM-CALFERQUIM 1-G,,"21,00",,,,,"5,00","10,00",,,"6,00",,,,,,,,,,,,,,,,,,,
365-NUCLEO FOSFORO-CALFERQUIM 1-G,365,NUCLEO FOSFORO,CALFERQUIM,1,PT,G,365-NUCLEO FOSFORO-CALFERQUIM 1-G,,,,,,,,,,,,,,,,,,,,,,,,,,,,,,
366-POLVILLO RAIFOS-CALFERQUIM 1-,366,POLVILLO RAIFOS,CALFERQUIM,1,PT,,366-POLVILLO RAIFOS-CALFERQUIM 1-,,,,,,,,,,,,,,,,,,,,,,,,,,,,,,
367-MF 25N-5P-0K-8Ca+EM-CALFERQUIM 1-G,367,MF 25N-5P-0K-8Ca+EM,CALFERQUIM,1,PT,G,367-MF 25N-5P-0K-8Ca+EM-CALFERQUIM 1-G,,"25,00",,,,,"5,00","0,00","8,00",,,,,,,,,,,,,,,,,,,,,
368-POLVILLO ZUELO Ca-CALFERQUIM 1-,368,POLVILLO ZUELO Ca,CALFERQUIM,1,PT,,368-POLVILLO ZUELO Ca-CALFERQUIM 1-,,,,,,,,,,,,,,,,,,,,,,,,,,,,,,
369-MF 40-3-0-2+EM-CALFERQUIM 1-G,369,MF 40-3-0-2+EM,CALFERQUIM,1,PT,G,369-MF 40-3-0-2+EM-CALFERQUIM 1-G,,"40,00",,,,,"3,00","0,00","2,00",,,,,,,,,,,,,,,,,,,,,
379-AFOS-K-CALFERQUIM 1-P,379,AFOS-K,CALFERQUIM,1,PT,P,379-AFOS-K-CALFERQUIM 1-P,,,,,,,,,,,,,,,,,,,,,,,,,,,,,,
380-MF 32-0-6+EM-CALFERQUIM 1-G,380,MF 32-0-6+EM,CALFERQUIM,1,PT,G,380-MF 32-0-6+EM-CALFERQUIM 1-G,,"32,00",,,,,"0,00","6,00",,,,,,,,,,,,,,,,,,,,,,
381-MF 14-3-19-7Ca+EM-CALFERQUIM 1-G,381,MF 14-3-19-7Ca+EM,CALFERQUIM,1,PT,G,381-MF 14-3-19-7Ca+EM-CALFERQUIM 1-G,,"14,00",,,,,"3,00","19,00","7,00",,,,,,,,,,,,,,,,,,,,,
382-MF 25-15-2-3-2-CALFERQUIM 1-G,382,MF 25-15-2-3-2,CALFERQUIM,1,PT,G,382-MF 25-15-2-3-2-CALFERQUIM 1-G,,"25,00",,,,,"15,00","2,00","3,00","2,00",,,,,,,,,,,,,,,,,,,,
383-MF 32N 1P 6K 2Ca+ EM-CALFERQUIM 1-G,383,MF 32N 1P 6K 2Ca+ EM,CALFERQUIM,1,PT,G,383-MF 32N 1P 6K 2Ca+ EM-CALFERQUIM 1-G,,"32,00",,,,,"1,00","6,00","2,00",,,,,,,,,,,,,,,,,,,,,
384-MF 19N-1P-3K + MENORES-CALFERQUIM 1-G,384,MF 19N-1P-3K + MENORES,CALFERQUIM,1,PT,G,384-MF 19N-1P-3K + MENORES-CALFERQUIM 1-G,,"19,00",,,,,"1,00","3,00",,,,,,,,,,,,,,,,,,,,,,
"385-MF 27N-15K-5S-2Si-0,80CO-CALFERQUIM 1-G",385,"MF 27N-15K-5S-2Si-0,80CO",CALFERQUIM,1,PT,G,"385-MF 27N-15K-5S-2Si-0,80CO-CALFERQUIM 1-G","0,80","27,00",,,,,"0,00","15,00",,,,,,,,,,,,,,,,,,,,,,
387-MF 10N-28P-6K+EM-CALFERQUIM 1-G,387,MF 10N-28P-6K+EM,CALFERQUIM,1,PT,G,387-MF 10N-28P-6K+EM-CALFERQUIM 1-G,,"10,00",,,,,"28,00","6,00",,,,,,,,,,,,,,,,,,,,,,
388-MF 11-5-27-CALFERQUIM 1-G,388,MF 11-5-27,CALFERQUIM,1,PT,G,388-MF 11-5-27-CALFERQUIM 1-G,,"11,00",,,,,"5,00","27,00",,,,,,,,,,,,,,,,,,,,,,
389-MF 3-10-2 + EM-CALFERQUIM 1-G,389,MF 3-10-2 + EM,CALFERQUIM,1,PT,G,389-MF 3-10-2 + EM-CALFERQUIM 1-G,,"3,00",,,,,"10,00","2,00",,,,,,,,,,,,,,,,,,,,,,
390-MF 10N-6P-4K + EM-CALFERQUIM 1-G,390,MF 10N-6P-4K + EM,CALFERQUIM,1,PT,G,390-MF 10N-6P-4K + EM-CALFERQUIM 1-G,,"10,00",,,,,"6,00","4,00",,,,,,,,,,,,,,,,,,,,,,
391-MF 6-9-6+EM-CALFERQUIM 1-G,391,MF 6-9-6+EM,CALFERQUIM,1,PT,G,391-MF 6-9-6+EM-CALFERQUIM 1-G,,"6,00",,,,,"9,00","6,00",,,,,,,,,,,,,,,,,,,,,,
393-BIOPLANTAS-CALFERQUIM 1-P,393,BIOPLANTAS,CALFERQUIM,1,PT,P,393-BIOPLANTAS-CALFERQUIM 1-P,,,,,,,,,,,,,,,,,,,,,,,,,,,,,,
394-MF 23N-3P-20K+EM-CALFERQUIM 1-G,394,MF 23N-3P-20K+EM,CALFERQUIM,1,PT,G,394-MF 23N-3P-20K+EM-CALFERQUIM 1-G,,"23,00",,,,,"3,00","20,00",,,,,,,,,,,,,,,,,,,,,,
396-MF 10N-15P-20K+EM-CALFERQUIM 1-G,396,MF 10N-15P-20K+EM,CALFERQUIM,1,PT,G,396-MF 10N-15P-20K+EM-CALFERQUIM 1-G,,"10,00",,,,,"15,00","20,00",,,,,,,,,,,,,,,,,,,,,,
398-MF 22N-6P-7Ca+EM-CALFERQUIM 1-G,398,MF 22N-6P-7Ca+EM,CALFERQUIM,1,PT,G,398-MF 22N-6P-7Ca+EM-CALFERQUIM 1-G,,"22,00",,,,,"6,00","0,00","7,00",,,,,,,,,,,,,,,,,,,,,
399-MF 38N-10K_-CALFERQUIM 1-G,399,MF 38N-10K_,CALFERQUIM,1,PT,G,399-MF 38N-10K_-CALFERQUIM 1-G,,"38,00",,,,,"0,00","10,00",,,,,,,,,,,,,,,,,,,,,,
401-MF 17-8-11+EM+CO-CALFERQUIM 1-G,401,MF 17-8-11+EM+CO,CALFERQUIM,1,PT,G,401-MF 17-8-11+EM+CO-CALFERQUIM 1-G,,"17,00",,,,,"8,00","11,00",,,,,,,,,,,,,,,,,,,,,,
402-MF 17-6-18-6+EM-CALFERQUIM 1-G,402,MF 17-6-18-6+EM,CALFERQUIM,1,PT,G,402-MF 17-6-18-6+EM-CALFERQUIM 1-G,,"17,00",,,,,"6,00","18,00","6,00",,,,,,,,,,,,,,,,,,,,,
403-POLVILLO FERTIMENORES-CALFERQUIM 1-,403,POLVILLO FERTIMENORES,CALFERQUIM,1,PT,,403-POLVILLO FERTIMENORES-CALFERQUIM 1-,,,,,,,,,,,,,,,,,,,,,,,,,,,,,,
405-MF 16N-3P-14K+EM-CALFERQUIM 1-G,405,MF 16N-3P-14K+EM,CALFERQUIM,1,PT,G,405-MF 16N-3P-14K+EM-CALFERQUIM 1-G,,"16,00",,,,,"3,00","14,00",,,,,,,,,,,,,,,,,,,,,,
406-MF 10N-24P-4K+EM-CALFERQUIM 1-G,406,MF 10N-24P-4K+EM,CALFERQUIM,1,PT,G,406-MF 10N-24P-4K+EM-CALFERQUIM 1-G,,"10,00",,,,,"24,00","4,00",,,,,,,,,,,,,,,,,,,,,,
407-MF 10N-10P-20K+EM-CALFERQUIM 1-G,407,MF 10N-10P-20K+EM,CALFERQUIM,1,PT,G,407-MF 10N-10P-20K+EM-CALFERQUIM 1-G,,"10,00",,,,,"10,00","20,00",,,,,,,,,,,,,,,,,,,,,,
408-MF 10N-20P-20K+EM-CALFERQUIM 1-G,408,MF 10N-20P-20K+EM,CALFERQUIM,1,PT,G,408-MF 10N-20P-20K+EM-CALFERQUIM 1-G,,"10,00",,,,,"20,00","20,00",,,,,,,,,,,,,,,,,,,,,,
410-FOSFORO ESPECIAL-CALFERQUIM 1-G,410,FOSFORO ESPECIAL,CALFERQUIM,1,PT,G,410-FOSFORO ESPECIAL-CALFERQUIM 1-G,,,,,,,,,,,,,,,,,,,,,,,,,,,,,,
411-MF 0-15-15+EM-CALFERQUIM 1-G,411,MF 0-15-15+EM,CALFERQUIM,1,PT,G,411-MF 0-15-15+EM-CALFERQUIM 1-G,,"0,00",,,,,"15,00","15,00",,,,,,,,,,,,,,,,,,,,,,
412-MFE 25N-13P-12K +EM-CALFERQUIM 1-G,412,MFE 25N-13P-12K +EM,CALFERQUIM,1,PT,G,412-MFE 25N-13P-12K +EM-CALFERQUIM 1-G,,"25,00",,,,,"13,00","12,00",,,,,,,,,,,,,,,,,,,,,,
413-MFE 20N-4P-18K+EM-CALFERQUIM 1-G,413,MFE 20N-4P-18K+EM,CALFERQUIM,1,PT,G,413-MFE 20N-4P-18K+EM-CALFERQUIM 1-G,,"20,00",,,,,"4,00","18,00",,,,,,,,,,,,,,,,,,,,,,
414-MFE 18N-9P-29K+EM-CALFERQUIM 1-G,414,MFE 18N-9P-29K+EM,CALFERQUIM,1,PT,G,414-MFE 18N-9P-29K+EM-CALFERQUIM 1-G,,"18,00",,,,,"9,00","29,00",,,,,,,,,,,,,,,,,,,,,,
415-MF 21N-2P-8K+EM-CALFERQUIM 1-G,415,MF 21N-2P-8K+EM,CALFERQUIM,1,PT,G,415-MF 21N-2P-8K+EM-CALFERQUIM 1-G,,"21,00",,,,,"2,00","8,00",,,,,,,,,,,,,,,,,,,,,,
417-MF 29N-3P-15K+EM-CALFERQUIM 1-G,417,MF 29N-3P-15K+EM,CALFERQUIM,1,PT,G,417-MF 29N-3P-15K+EM-CALFERQUIM 1-G,,"29,00",,,,,"3,00","15,00",,,,,,,,,,,,,,,,,,,,,,
418-MF 30N 0P 20K-CALFERQUIM 1-G,418,MF 30N 0P 20K,CALFERQUIM,1,PT,G,418-MF 30N 0P 20K-CALFERQUIM 1-G,,"30,00",,,,,"0,00","20,00",,,,,,,,,,,,,,,,,,,,,,
419-MF 13N-7P-12K+EM-CALFERQUIM 1-G,419,MF 13N-7P-12K+EM,CALFERQUIM,1,PT,G,419-MF 13N-7P-12K+EM-CALFERQUIM 1-G,,"13,00",,,,,"7,00","12,00",,,,,,,,,,,,,,,,,,,,,,
420-MFE 23N-5P-10K+EM-CALFERQUIM 1-G,420,MFE 23N-5P-10K+EM,CALFERQUIM,1,PT,G,420-MFE 23N-5P-10K+EM-CALFERQUIM 1-G,,"23,00",,,,,"5,00","10,00",,,,,,,,,,,,,,,,,,,,,,
421-POLVILLO SILIMAGRAM-CALFERQUIM 1-,421,POLVILLO SILIMAGRAM,CALFERQUIM,1,PT,,421-POLVILLO SILIMAGRAM-CALFERQUIM 1-,,,,,,,,,,,,,,,,,,,,,,,,,,,,,,
423-MF 10N-20P-30K+EM-CALFERQUIM 1-G,423,MF 10N-20P-30K+EM,CALFERQUIM,1,PT,G,423-MF 10N-20P-30K+EM-CALFERQUIM 1-G,,"10,00",,,,,"20,00","30,00",,,,,,,,,,,,,,,,,,,,,,
426-MF 15N-6P-8K+EM-CALFERQUIM 1-G,426,MF 15N-6P-8K+EM,CALFERQUIM,1,PT,G,426-MF 15N-6P-8K+EM-CALFERQUIM 1-G,,"15,00",,,,,"6,00","8,00",,,,,,,,,,,,,,,,,,,,,,
428-MFE 29N-15P-5K+EM-CALFERQUIM 1-G,428,MFE 29N-15P-5K+EM,CALFERQUIM,1,PT,G,428-MFE 29N-15P-5K+EM-CALFERQUIM 1-G,,"29,00",,,,,"15,00","5,00",,,,,,,,,,,,,,,,,,,,,,
429-MFE 18N-18P-18K+EM-CALFERQUIM 1-G,429,MFE 18N-18P-18K+EM,CALFERQUIM,1,PT,G,429-MFE 18N-18P-18K+EM-CALFERQUIM 1-G,,"18,00",,,,,"18,00","18,00",,,,,,,,,,,,,,,,,,,,,,
431-MFE 26N-6P-2K+EM-CALFERQUIM 1-G,431,MFE 26N-6P-2K+EM,CALFERQUIM,1,PT,G,431-MFE 26N-6P-2K+EM-CALFERQUIM 1-G,,"26,00",,,,,"6,00","2,00",,,,,,,,,,,,,,,,,,,,,,
432-MF 28N-1P-12K+EM-CALFERQUIM 1-G,432,MF 28N-1P-12K+EM,CALFERQUIM,1,PT,G,432-MF 28N-1P-12K+EM-CALFERQUIM 1-G,,"28,00",,,,,"1,00","12,00",,,,,,,,,,,,,,,,,,,,,,
433-MF 14N-4P-23K+EM-CALFERQUIM 1-G,433,MF 14N-4P-23K+EM,CALFERQUIM,1,PT,G,433-MF 14N-4P-23K+EM-CALFERQUIM 1-G,,"14,00",,,,,"4,00","23,00",,,,,,,,,,,,,,,,,,,,,,
434-MF 37N-2Ca-2Mg+EM-CALFERQUIM 1-G,434,MF 37N-2Ca-2Mg+EM,CALFERQUIM,1,PT,G,434-MF 37N-2Ca-2Mg+EM-CALFERQUIM 1-G,,"37,00",,,,,"0,00","0,00","2,00","2,00",,,,,,,,,,,,,,,,,,,,
435-MF 8N-15P-23K+EM-CALFERQUIM 1-G,435,MF 8N-15P-23K+EM,CALFERQUIM,1,PT,G,435-MF 8N-15P-23K+EM-CALFERQUIM 1-G,,"8,00",,,,,"15,00","23,00",,,,,,,,,,,,,,,,,,,,,,
436-MF 24N-0P-2K+EM-CALFERQUIM 1-G,436,MF 24N-0P-2K+EM,CALFERQUIM,1,PT,G,436-MF 24N-0P-2K+EM-CALFERQUIM 1-G,,"24,00",,,,,"0,00","2,00",,,,,,,,,,,,,,,,,,,,,,
437-FOSFORITA NEIVA-CALFERQUIM 1-P,437,FOSFORITA NEIVA,CALFERQUIM,1,MP,P,437-FOSFORITA NEIVA-CALFERQUIM 1-P,,,,,,,"22,00",,"42,00",,,,,,,,,"16,00",,,,,,,,,,,,
438-MF 27N-4P-3K+EM-CALFERQUIM 1-G,438,MF 27N-4P-3K+EM,CALFERQUIM,1,PT,G,438-MF 27N-4P-3K+EM-CALFERQUIM 1-G,,"27,00",,,,,"4,00","3,00",,,,,,,,,,,,,,,,,,,,,,
439-MF 9N-12P-24K+EM-CALFERQUIM 1-G,439,MF 9N-12P-24K+EM,CALFERQUIM,1,PT,G,439-MF 9N-12P-24K+EM-CALFERQUIM 1-G,,"9,00",,,,,"12,00","24,00",,,,,,,,,,,,,,,,,,,,,,
440-MF 24N-4P-11K+EM-CALFERQUIM 1-G,440,MF 24N-4P-11K+EM,CALFERQUIM,1,PT,G,440-MF 24N-4P-11K+EM-CALFERQUIM 1-G,,"24,00",,,,,"4,00","11,00",,,,,,,,,,,,,,,,,,,,,,
441-MF 16N-17P-0K-7Ca+EM-CALFERQUIM 1-G,441,MF 16N-17P-0K-7Ca+EM,CALFERQUIM,1,PT,G,441-MF 16N-17P-0K-7Ca+EM-CALFERQUIM 1-G,,"16,00",,,,,"17,00","0,00","7,00",,,,,,,,,,,,,,,,,,,,,
442-MF 19N-3P-18K+EM-CALFERQUIM 1-G,442,MF 19N-3P-18K+EM,CALFERQUIM,1,PT,G,442-MF 19N-3P-18K+EM-CALFERQUIM 1-G,,"19,00",,,,,"3,00","18,00",,,,,,,,,,,,,,,,,,,,,,
445-MF 27N-1P-12K-2Ca+EM-CALFERQUIM 1-G,445,MF 27N-1P-12K-2Ca+EM,CALFERQUIM,1,PT,G,445-MF 27N-1P-12K-2Ca+EM-CALFERQUIM 1-G,,"27,00",,,,,"1,00","12,00","2,00",,,,,,,,,,,,,,,,,,,,,
448-PRODUCTO A-CALFERQUIM 1-P,448,PRODUCTO A,CALFERQUIM,1,MP,P,448-PRODUCTO A-CALFERQUIM 1-P,,,,,,,,,,,,,,,,,,,,,,,,,,,,,,
449-PRODUCTO A-CALFERQUIM 2-P,449,PRODUCTO A,CALFERQUIM,2,MP,P,449-PRODUCTO A-CALFERQUIM 2-P,,,,,,,,,,,,,,,,,,,,,,,,,,,,,,
450-CARBONITRO-CALFERQUIM 1-L,450,CARBONITRO,CALFERQUIM,1,MP,L,450-CARBONITRO-CALFERQUIM 1-L,,,,,,,,,,,,,,,,,,,,,,,,,,,,,,
451-COLORANTE-CALFERQUIM 1-L,451,COLORANTE,CALFERQUIM,1,MP,L,451-COLORANTE-CALFERQUIM 1-L,,,,,,,,,,,,,,,,,,,,,,,,,,,,,,
452-NUCLEO CAMASI ROJO-CALFERQUIM 1-G,452,NUCLEO CAMASI ROJO,CALFERQUIM,1,PT,G,452-NUCLEO CAMASI ROJO-CALFERQUIM 1-G,,,,,,,,,,,,,,,,,,,,,,,,,,,,,,
453-MF 8N-20P-12+EM-CALFERQUIM 1-G,453,MF 8N-20P-12+EM,CALFERQUIM,1,PT,G,453-MF 8N-20P-12+EM-CALFERQUIM 1-G,,"8,00",,,,,"20,00","12,00",,,,,,,,,,,,,,,,,,,,,,
455-MF 25N-1P-13K+EM-CALFERQUIM 1-G,455,MF 25N-1P-13K+EM,CALFERQUIM,1,PT,G,455-MF 25N-1P-13K+EM-CALFERQUIM 1-G,,"25,00",,,,,"1,00","13,00",,,,,,,,,,,,,,,,,,,,,,
456-MF 22N-6P-3K+EM-CALFERQUIM 1-G,456,MF 22N-6P-3K+EM,CALFERQUIM,1,PT,G,456-MF 22N-6P-3K+EM-CALFERQUIM 1-G,,"22,00",,,,,"6,00","3,00",,,,,,,,,,,,,,,,,,,,,,
457-MF 20N-6P-0K-5CA+EM-CALFERQUIM 1-G,457,MF 20N-6P-0K-5CA+EM,CALFERQUIM,1,PT,G,457-MF 20N-6P-0K-5CA+EM-CALFERQUIM 1-G,,"20,00",,,,,"6,00","0,00","5,00",,,,,,,,,,,,,,,,,,,,,
458-MF 10N-9P-30K+EM-CALFERQUIM 1-G,458,MF 10N-9P-30K+EM,CALFERQUIM,1,PT,G,458-MF 10N-9P-30K+EM-CALFERQUIM 1-G,,"10,00",,,,,"9,00","30,00",,,,,,,,,,,,,,,,,,,,,,
462-MF 15N-4P-23K+EM-CALFERQUIM 1-G,462,MF 15N-4P-23K+EM,CALFERQUIM,1,PT,G,462-MF 15N-4P-23K+EM-CALFERQUIM 1-G,,"15,00",,,,,"4,00","23,00",,,,,,,,,,,,,,,,,,,,,,
464-MF 10N-20P-28K+EM-CALFERQUIM 1-G,464,MF 10N-20P-28K+EM,CALFERQUIM,1,PT,G,464-MF 10N-20P-28K+EM-CALFERQUIM 1-G,,"10,00",,,,,"20,00","28,00",,,,,,,,,,,,,,,,,,,,,,
465-MFE 30N-8P-0K-5CA+EM-CALFERQUIM 1-G,465,MFE 30N-8P-0K-5CA+EM,CALFERQUIM,1,PT,G,465-MFE 30N-8P-0K-5CA+EM-CALFERQUIM 1-G,,"30,00",,,,,"8,00","0,00","4,00",,,,,,,,,,,,,,,,,,,,,
469-MF 28N-5P-6K+EM-CALFERQUIM 1-G,469,MF 28N-5P-6K+EM,CALFERQUIM,1,PT,G,469-MF 28N-5P-6K+EM-CALFERQUIM 1-G,,"28,00",,,,,"5,00","6,00",,,,,,,,,,,,,,,,,,,,,,
47-POLVILLO K2K-CALFERQUIM 1-,47,POLVILLO K2K,CALFERQUIM,1,PT,,47-POLVILLO K2K-CALFERQUIM 1-,,,,,,,,,,,,,,,,,,,,,,,,,,,,,,
471-MF 21N-5P-9K+EM-CALFERQUIM 1-G,471,MF 21N-5P-9K+EM,CALFERQUIM,1,PT,G,471-MF 21N-5P-9K+EM-CALFERQUIM 1-G,,"21,00",,,,,"5,00","9,00",,,,,,,,,,,,,,,,,,,,,,
473-MF 24N-5P-6K+EM-CALFERQUIM 1-G,473,MF 24N-5P-6K+EM,CALFERQUIM,1,PT,G,473-MF 24N-5P-6K+EM-CALFERQUIM 1-G,,"24,00",,,,,"5,00","6,00",,,,,,,,,,,,,,,,,,,,,,
475-MF 27N-1P-7K+EM-CALFERQUIM 1-G,475,MF 27N-1P-7K+EM,CALFERQUIM,1,PT,G,475-MF 27N-1P-7K+EM-CALFERQUIM 1-G,,"27,00",,,,,"1,00","7,00",,,,,,,,,,,,,,,,,,,,,,
476-MF 26N-9P-9K+EM-CALFERQUIM 1-G,476,MF 26N-9P-9K+EM,CALFERQUIM,1,PT,G,476-MF 26N-9P-9K+EM-CALFERQUIM 1-G,,"26,00",,,,,"9,00","9,00",,,,,,,,,,,,,,,,,,,,,,
477-MF 17N-5P-7K+EM-CALFERQUIM 1-G,477,MF 17N-5P-7K+EM,CALFERQUIM,1,PT,G,477-MF 17N-5P-7K+EM-CALFERQUIM 1-G,,"17,00",,,,,"5,00","7,00",,,,,,,,,,,,,,,,,,,,,,
478-MF 17N-4P-23K+EM-CALFERQUIM 1-G,478,MF 17N-4P-23K+EM,CALFERQUIM,1,PT,G,478-MF 17N-4P-23K+EM-CALFERQUIM 1-G,,"17,00",,,,,"4,00","23,00",,,,,,,,,,,,,,,,,,,,,,
479-MF 33N-5P-12K-CALFERQUIM 1-G,479,MF 33N-5P-12K,CALFERQUIM,1,PT,G,479-MF 33N-5P-12K-CALFERQUIM 1-G,,"33,00",,,,,"5,00","12,00",,,,,,,,,,,,,,,,,,,,,,
480-MF 27N-9K-10S+EM-CALFERQUIM 1-G,480,MF 27N-9K-10S+EM,CALFERQUIM,1,PT,G,480-MF 27N-9K-10S+EM-CALFERQUIM 1-G,,"27,00",,,,,"6,00","9,00",,,"10,00",,,,,,,,,,,,,,,,,,,
487-MF 28N-4P-15K +EM-CALFERQUIM 1-G,487,MF 28N-4P-15K +EM,CALFERQUIM,1,PT,G,487-MF 28N-4P-15K +EM-CALFERQUIM 1-G,,"28,00",,,,,"4,00","15,00",,,,,,,,,,,,,,,,,,,,,,
489-MFE 13N-36P-10K+EM-CALFERQUIM 1-G,489,MFE 13N-36P-10K+EM,CALFERQUIM,1,PT,G,489-MFE 13N-36P-10K+EM-CALFERQUIM 1-G,,"13,00",,,,,"36,00","10,00",,,,,,,,,,,,,,,,,,,,,,
49-POLVILLO SULFATO DE CALCIO-CALFERQUIM 1-,49,POLVILLO SULFATO DE CALCIO,CALFERQUIM,1,PT,,49-POLVILLO SULFATO DE CALCIO-CALFERQUIM 1-,,,,,,,,,,,,,,,,,,,,,,,,,,,,,,
490-MF 13N-26P-10K+ EM-CALFERQUIM 1-G,490,MF 13N-26P-10K+ EM,CALFERQUIM,1,PT,G,490-MF 13N-26P-10K+ EM-CALFERQUIM 1-G,,"13,00",,,,,"26,00","10,00",,,,,,,,,,,,,,,,,,,,,,
492-MF 25N-7K-2CA+EM-CALFERQUIM 1-G,492,MF 25N-7K-2CA+EM,CALFERQUIM,1,PT,G,492-MF 25N-7K-2CA+EM-CALFERQUIM 1-G,,"25,00",,,,,"7,00","7,00",,,,,,,,,,,,,,,,,,,,,,
493-MF 30N-12K-2CA+EM-CALFERQUIM 1-G,493,MF 30N-12K-2CA+EM,CALFERQUIM,1,PT,G,493-MF 30N-12K-2CA+EM-CALFERQUIM 1-G,,"30,00",,,,,"12,00","12,00","2,00",,,,,,,,,,,,,,,,,,,,,
495-MF 10N-15P-29K+EM-CALFERQUIM 1-G,495,MF 10N-15P-29K+EM,CALFERQUIM,1,PT,G,495-MF 10N-15P-29K+EM-CALFERQUIM 1-G,,"10,00",,,,,"15,00","29,00",,,,,,,,,,,,,,,,,,,,,,
496-MF 12N-30P-10K+EM-CALFERQUIM 1-G,496,MF 12N-30P-10K+EM,CALFERQUIM,1,PT,G,496-MF 12N-30P-10K+EM-CALFERQUIM 1-G,,"12,00",,,,,"30,00","10,00",,,,,,,,,,,,,,,,,,,,,,
497-MF 21N-5P-10K+EM-CALFERQUIM 1-G,497,MF 21N-5P-10K+EM,CALFERQUIM,1,PT,G,497-MF 21N-5P-10K+EM-CALFERQUIM 1-G,,"21,00",,,,,"5,00","10,00",,,,,,,,,,,,,,,,,,,,,,
50-POLVILLO NUCLEO CAMASI-CALFERQUIM 1-,50,POLVILLO NUCLEO CAMASI,CALFERQUIM,1,PT,,50-POLVILLO NUCLEO CAMASI-CALFERQUIM 1-,,,,,,,,,,,,,,,,,,,,,,,,,,,,,,
506-MF 23N-5P-6K+EM-CALFERQUIM 1-G,506,MF 23N-5P-6K+EM,CALFERQUIM,1,PT,G,506-MF 23N-5P-6K+EM-CALFERQUIM 1-G,,"23,00",,,,,"5,00","6,00",,,,,,,,,,,,,,,,,,,,,,
508-MF 23N-6P-8K+EM-CALFERQUIM 1-G,508,MF 23N-6P-8K+EM,CALFERQUIM,1,PT,G,508-MF 23N-6P-8K+EM-CALFERQUIM 1-G,,"23,00",,,,,"6,00","8,00",,,,,,,,,,,,,,,,,,,,,,
509-MF 25N-4P-11K+EM-CALFERQUIM 1-G,509,MF 25N-4P-11K+EM,CALFERQUIM,1,PT,G,509-MF 25N-4P-11K+EM-CALFERQUIM 1-G,,"25,00",,,,,"4,00","11,00",,,,,,,,,,,,,,,,,,,,,,
51-POLVILLO MENORES-CALFERQUIM 1-,51,POLVILLO MENORES,CALFERQUIM,1,PT,,51-POLVILLO MENORES-CALFERQUIM 1-,,,,,,,,,,,,,,,,,,,,,,,,,,,,,,
510-MF 8N-17P-34K-1S-CALFERQUIM 1-G,510,MF 8N-17P-34K-1S,CALFERQUIM,1,PT,G,510-MF 8N-17P-34K-1S-CALFERQUIM 1-G,,"8,00",,,,,"17,00","34,00",,,"1,00",,,,,,,,,,,,,,,,,,,
511-MF 22N-4P-8K+EM-CALFERQUIM 1-G,511,MF 22N-4P-8K+EM,CALFERQUIM,1,PT,G,511-MF 22N-4P-8K+EM-CALFERQUIM 1-G,,"22,00",,,,,"4,00","8,00",,,,,,,,,,,,,,,,,,,,,,
512-MF 26N-5P-11K+EM-CALFERQUIM 1-G,512,MF 26N-5P-11K+EM,CALFERQUIM,1,PT,G,512-MF 26N-5P-11K+EM-CALFERQUIM 1-G,,"26,00",,,,,"5,00","11,00",,,,,,,,,,,,,,,,,,,,,,
513-MF 28N-0P-12K+EM-CALFERQUIM 1-G,513,MF 28N-0P-12K+EM,CALFERQUIM,1,PT,G,513-MF 28N-0P-12K+EM-CALFERQUIM 1-G,,"28,00",,,,,"0,00","12,00",,,,,,,,,,,,,,,,,,,,,,
514-MF 26N-1P-11K+EM-CALFERQUIM 1-G,514,MF 26N-1P-11K+EM,CALFERQUIM,1,PT,G,514-MF 26N-1P-11K+EM-CALFERQUIM 1-G,,"26,00",,,,,"1,00","11,00",,,,,,,,,,,,,,,,,,,,,,
516-MF 14N-4P-24K+EM-CALFERQUIM 1-G,516,MF 14N-4P-24K+EM,CALFERQUIM,1,PT,G,516-MF 14N-4P-24K+EM-CALFERQUIM 1-G,,"14,00",,,,,"4,00","24,00",,,,,,,,,,,,,,,,,,,,,,
517-MF 16N-16P-16K+EM-CALFERQUIM 1-G,517,MF 16N-16P-16K+EM,CALFERQUIM,1,PT,G,517-MF 16N-16P-16K+EM-CALFERQUIM 1-G,,"16,00",,,,,"16,00","16,00",,,,,,,,,,,,,,,,,,,,,,
518-MF 25N-17P-1K+EM-CALFERQUIM 1-G,518,MF 25N-17P-1K+EM,CALFERQUIM,1,PT,G,518-MF 25N-17P-1K+EM-CALFERQUIM 1-G,,"25,00",,,,,"17,00","1,00",,,,,,,,,,,,,,,,,,,,,,
519-MF 20N-3P-15K+EM-CALFERQUIM 1-G,519,MF 20N-3P-15K+EM,CALFERQUIM,1,PT,G,519-MF 20N-3P-15K+EM-CALFERQUIM 1-G,,"20,00",,,,,"3,00","15,00",,,,,,,,,,,,,,,,,,,,,,
521-MF 31N-6P-11K+EM-CALFERQUIM 1-G,521,MF 31N-6P-11K+EM,CALFERQUIM,1,PT,G,521-MF 31N-6P-11K+EM-CALFERQUIM 1-G,,"31,00",,,,,"6,00","11,00",,,,,,,,,,,,,,,,,,,,,,
522-MF 29N-10P-10K+EM-CALFERQUIM 1-G,522,MF 29N-10P-10K+EM,CALFERQUIM,1,PT,G,522-MF 29N-10P-10K+EM-CALFERQUIM 1-G,,"29,00",,,,,"10,00","10,00",,,,,,,,,,,,,,,,,,,,,,
523-MF 37N-0P-11K-CALFERQUIM 1-G,523,MF 37N-0P-11K,CALFERQUIM,1,PT,G,523-MF 37N-0P-11K-CALFERQUIM 1-G,,"37,00",,,,,"0,00","11,00",,,,,,,,,,,,,,,,,,,,,,
524-MF 22N-0P-25K-3S-CALFERQUIM 1-G,524,MF 22N-0P-25K-3S,CALFERQUIM,1,PT,G,524-MF 22N-0P-25K-3S-CALFERQUIM 1-G,,"22,00",,,,,"0,00","25,00",,,"3,00",,,,,,,,,,,,,,,,,,,
525-MF 22N-5P-13K+EM-CALFERQUIM 1-G,525,MF 22N-5P-13K+EM,CALFERQUIM,1,PT,G,525-MF 22N-5P-13K+EM-CALFERQUIM 1-G,,"22,00",,,,,"5,00","13,00",,,,,,,,,,,,,,,,,,,,,,
526-MF 22N-0P-3K+EM-CALFERQUIM 1-G,526,MF 22N-0P-3K+EM,CALFERQUIM,1,PT,G,526-MF 22N-0P-3K+EM-CALFERQUIM 1-G,,"22,00",,,,,"0,00","3,00",,,,,,,,,,,,,,,,,,,,,,
527-MF 29N-0P-16K-4S-CALFERQUIM 1-G,527,MF 29N-0P-16K-4S,CALFERQUIM,1,PT,G,527-MF 29N-0P-16K-4S-CALFERQUIM 1-G,,"29,00",,,,,"0,00","16,00",,,"4,00",,,,,,,,,,,,,,,,,,,
529-MF 20N-0P-30K-3S-CALFERQUIM 1-G,529,MF 20N-0P-30K-3S,CALFERQUIM,1,PT,G,529-MF 20N-0P-30K-3S-CALFERQUIM 1-G,,"20,00",,,,,"0,00","30,00",,,"3,00",,,,,,,,,,,,,,,,,,,
53-POLVILLO BORO-CALFERQUIM 1-,53,POLVILLO BORO,CALFERQUIM,1,PT,,53-POLVILLO BORO-CALFERQUIM 1-,,,,,,,,,,,,,,,,,,,,,,,,,,,,,,
532-MF 24N-3P-12K+EM-CALFERQUIM 1-G,532,MF 24N-3P-12K+EM,CALFERQUIM,1,PT,G,532-MF 24N-3P-12K+EM-CALFERQUIM 1-G,,"24,00",,,,,"3,00","12,00",,,,,,,,,,,,,,,,,,,,,,
533-MF 25N-5P-12K+EM-CALFERQUIM 1-G,533,MF 25N-5P-12K+EM,CALFERQUIM,1,PT,G,533-MF 25N-5P-12K+EM-CALFERQUIM 1-G,,"25,00",,,,,"5,00","12,00",,,,,,,,,,,,,,,,,,,,,,
534-POLVILLO NUCLEO CAMASI YARA-CALFERQUIM 1-,534,POLVILLO NUCLEO CAMASI YARA,CALFERQUIM,1,PT,,534-POLVILLO NUCLEO CAMASI YARA-CALFERQUIM 1-,,,,,,,,,,,,,,,,,,,,,,,,,,,,,,
535-MFE 22N-9P-0K+EM-CALFERQUIM 1-G,535,MFE 22N-9P-0K+EM,CALFERQUIM,1,PT,G,535-MFE 22N-9P-0K+EM-CALFERQUIM 1-G,,"22,00",,,,,"9,00","0,00",,,,,,,,,,,,,,,,,,,,,,
536-MF 27N-3P-3K+EM-CALFERQUIM 1-G,536,MF 27N-3P-3K+EM,CALFERQUIM,1,PT,G,536-MF 27N-3P-3K+EM-CALFERQUIM 1-G,,"27,00",,,,,"3,00","3,00",,,,,,,,,,,,,,,,,,,,,,
537-MF 28N-14P-10K+EM-CALFERQUIM 1-G,537,MF 28N-14P-10K+EM,CALFERQUIM,1,PT,G,537-MF 28N-14P-10K+EM-CALFERQUIM 1-G,,"28,00",,,,,"14,00","10,00",,,,,,,,,,,,,,,,,,,,,,
538-MF 30N-11P-10K+EM-CALFERQUIM 1-G,538,MF 30N-11P-10K+EM,CALFERQUIM,1,PT,G,538-MF 30N-11P-10K+EM-CALFERQUIM 1-G,,"30,00",,,,,"11,00","10,00",,,,,,,,,,,,,,,,,,,,,,
539-MFE 27N-5P-11K+EM-CALFERQUIM 1-G,539,MFE 27N-5P-11K+EM,CALFERQUIM,1,PT,G,539-MFE 27N-5P-11K+EM-CALFERQUIM 1-G,,"27,00",,,,,"5,00","11,00",,,,,,,,,,,,,,,,,,,,,,
540-MFE 13N-26P-6K+EM-CALFERQUIM 1-G,540,MFE 13N-26P-6K+EM,CALFERQUIM,1,PT,G,540-MFE 13N-26P-6K+EM-CALFERQUIM 1-G,,"13,00",,,,,"26,00","6,00",,,,,,,,,,,,,,,,,,,,,,
542-MFE 10N-25P-8K+EM-CALFERQUIM 1-G,542,MFE 10N-25P-8K+EM,CALFERQUIM,1,PT,G,542-MFE 10N-25P-8K+EM-CALFERQUIM 1-G,,"10,00",,,,,"25,00","8,00",,,,,,,,,,,,,,,,,,,,,,
543-MF 11N-29P-12K+EM-CALFERQUIM 1-G,543,MF 11N-29P-12K+EM,CALFERQUIM,1,PT,G,543-MF 11N-29P-12K+EM-CALFERQUIM 1-G,,"11,00",,,,,"29,00","12,00",,,,,,,,,,,,,,,,,,,,,,
544-MFE 11N-24P-9K+EM-CALFERQUIM 1-G,544,MFE 11N-24P-9K+EM,CALFERQUIM,1,PT,G,544-MFE 11N-24P-9K+EM-CALFERQUIM 1-G,,"11,00",,,,,"24,00","9,00",,,,,,,,,,,,,,,,,,,,,,
545-MF 7N-14P-29K+EM-CALFERQUIM 1-G,545,MF 7N-14P-29K+EM,CALFERQUIM,1,PT,G,545-MF 7N-14P-29K+EM-CALFERQUIM 1-G,,"7,00",,,,,"14,00","29,00",,,,,,,,,,,,,,,,,,,,,,
546-MFE 26N-6P-2K+EM-CALFERQUIM 1-G,546,MFE 26N-6P-2K+EM,CALFERQUIM,1,PT,G,546-MFE 26N-6P-2K+EM-CALFERQUIM 1-G,,"26,00",,,,,"6,00","2,00",,,,,,,,,,,,,,,,,,,,,,
548-MFE 28N-5P-15K+EM-CALFERQUIM 1-G,548,MFE 28N-5P-15K+EM,CALFERQUIM,1,PT,G,548-MFE 28N-5P-15K+EM-CALFERQUIM 1-G,,"28,00",,,,,"5,00","15,00",,,,,,,,,,,,,,,,,,,,,,
551-MFE 8N-6P-24K+EM-CALFERQUIM 1-G,551,MFE 8N-6P-24K+EM,CALFERQUIM,1,PT,G,551-MFE 8N-6P-24K+EM-CALFERQUIM 1-G,,"8,00",,,,,"6,00","24,00",,,,,,,,,,,,,,,,,,,,,,
554-MFE 23N-9P-11K+EM-CALFERQUIM 1-G,554,MFE 23N-9P-11K+EM,CALFERQUIM,1,PT,G,554-MFE 23N-9P-11K+EM-CALFERQUIM 1-G,,"23,00",,,,,"9,00","11,00",,,,,,,,,,,,,,,,,,,,,,
555-MFE 21N-4P-11K+EM-CALFERQUIM 1-G,555,MFE 21N-4P-11K+EM,CALFERQUIM,1,PT,G,555-MFE 21N-4P-11K+EM-CALFERQUIM 1-G,,"21,00",,,,,"4,00","11,00",,,,,,,,,,,,,,,,,,,,,,
558-NUCLEO MAGNESIO-SILICIO EM-CALFERQUIM 1-G,558,NUCLEO MAGNESIO-SILICIO EM,CALFERQUIM,1,PT,G,558-NUCLEO MAGNESIO-SILICIO EM-CALFERQUIM 1-G,,,,,,,,,,"28,00","1,00",,,,,,,"30,00",,,,,,,,,,,,
559-FE SULFATO CALCIO G-CALFERQUIM 1-G,559,FE SULFATO CALCIO G,CALFERQUIM,1,PT,G,559-FE SULFATO CALCIO G-CALFERQUIM 1-G,,,,,,,,,,,,,,,,,,,,,,,,,,,,,,
560-MFE 22N-3P-0K+ EM-CALFERQUIM 1-G,560,MFE 22N-3P-0K+ EM,CALFERQUIM,1,PT,G,560-MFE 22N-3P-0K+ EM-CALFERQUIM 1-G,,"22,00",,,,,"3,00","0,00",,,,,,,,,,,,,,,,,,,,,,
563-NUCLEO CAMASI YARA-CALFERQUIM 1-G,563,NUCLEO CAMASI YARA,CALFERQUIM,1,PT,G,563-NUCLEO CAMASI YARA-CALFERQUIM 1-G,,,,,,,,,"25,00","3,00","1,00",,,,,,,"14,00",,,,,,,,,,,,
564-FE SULFATO ZINC 31-CALFERQUIM 1-,564,FE SULFATO ZINC 31,CALFERQUIM,1,PT,,564-FE SULFATO ZINC 31-CALFERQUIM 1-,,,,,,,,,,,,,,,,,,,"31,00",,,,,,,,,,,
566-MFE 19N-4P-10K+EM-CALFERQUIM 1-G,566,MFE 19N-4P-10K+EM,CALFERQUIM,1,PT,G,566-MFE 19N-4P-10K+EM-CALFERQUIM 1-G,,"19,00",,,,,"4,00","10,00",,,,,,,,,,,,,,,,,,,,,,
568-MFE 25N-6P-13K+EM-CALFERQUIM 1-G,568,MFE 25N-6P-13K+EM,CALFERQUIM,1,PT,G,568-MFE 25N-6P-13K+EM-CALFERQUIM 1-G,,"25,00",,,,,"6,00","13,00",,,,,,,,,,,,,,,,,,,,,,
569-MFE 10N-9P-18K+EM-CALFERQUIM 1-G,569,MFE 10N-9P-18K+EM,CALFERQUIM,1,PT,G,569-MFE 10N-9P-18K+EM-CALFERQUIM 1-G,,"10,00",,,,,"9,00","18,00",,,,,,,,,,,,,,,,,,,,,,
574-NUCLEO FOSFORO 1-CALFERQUIM 1-G,574,NUCLEO FOSFORO 1,CALFERQUIM,1,PT,G,574-NUCLEO FOSFORO 1-CALFERQUIM 1-G,,,,,,,,,,,,,,,,,,,,,,,,,,,,,,
575-NUCLEO FOSFORO 2-CALFERQUIM 1-G,575,NUCLEO FOSFORO 2,CALFERQUIM,1,PT,G,575-NUCLEO FOSFORO 2-CALFERQUIM 1-G,,,,,,,,,,,,,,,,,,,,,,,,,,,,,,
576-BZINC-15-CALFERQUIM 1-G,576,BZINC-15,CALFERQUIM,1,PT,G,576-BZINC-15-CALFERQUIM 1-G,,,,,,,,,,,,,,,,,,,,,,,,,,,,,,
579-NUCLEO MANGANESO-CALFERQUIM 1-G,579,NUCLEO MANGANESO,CALFERQUIM,1,PT,G,579-NUCLEO MANGANESO-CALFERQUIM 1-G,,,,,,,,,,,,,,,,,,,,,,,,,,,,,,
581-MFE 31N-7K-9S-CALFERQUIM 1-G,581,MFE 31N-7K-9S,CALFERQUIM,1,PT,G,581-MFE 31N-7K-9S-CALFERQUIM 1-G,,"31,00",,,,,"0,00","7,00",,,"9,00",,,,,,,,,,,,,,,,,,,
582-MFE 26N-20K-4S-CALFERQUIM 1-G,582,MFE 26N-20K-4S,CALFERQUIM,1,PT,G,582-MFE 26N-20K-4S-CALFERQUIM 1-G,,"26,00",,,,,"0,00","20,00",,,"4,00",,,,,,,,,,,,,,,,,,,
585-MFE 24N-4-2K+EM-CALFERQUIM 1-G,585,MFE 24N-4-2K+EM,CALFERQUIM,1,PT,G,585-MFE 24N-4-2K+EM-CALFERQUIM 1-G,,"24,00",,,,,"4,00","2,00",,,,,,,,,,,,,,,,,,,,,,
586-MFE 19N-4P-18K-CALFERQUIM 1-G,586,MFE 19N-4P-18K,CALFERQUIM,1,PT,G,586-MFE 19N-4P-18K-CALFERQUIM 1-G,,"19,00",,,,,"4,00","18,00",,,,,,,,,,,,,,,,,,,,,,
587-MFE 12N 25P 9K-CALFERQUIM 1-G,587,MFE 12N 25P 9K,CALFERQUIM,1,PT,G,587-MFE 12N 25P 9K-CALFERQUIM 1-G,,"12,00",,,,,"25,00","9,00",,,,,,,,,,,,,,,,,,,,,,
588-MFE 10N 11P 29K-CALFERQUIM 1-G,588,MFE 10N 11P 29K,CALFERQUIM,1,PT,G,588-MFE 10N 11P 29K-CALFERQUIM 1-G,,"10,00",,,,,"11,00","29,00",,,,,,,,,,,,,,,,,,,,,,
589-MFE 10N-6P-16K +EM-CALFERQUIM 1-G,589,MFE 10N-6P-16K +EM,CALFERQUIM,1,PT,G,589-MFE 10N-6P-16K +EM-CALFERQUIM 1-G,,"10,00",,,,,"6,00","16,00",,,,,,,,,,,,,,,,,,,,,,
590-MFE 15N-12P-20K+EM-CALFERQUIM 1-G,590,MFE 15N-12P-20K+EM,CALFERQUIM,1,PT,G,590-MFE 15N-12P-20K+EM-CALFERQUIM 1-G,,"15,00",,,,,"12,00","20,00",,,,,,,,,,,,,,,,,,,,,,
591-MFE 24N-9K-12S+EM-CALFERQUIM 1-G,591,MFE 24N-9K-12S+EM,CALFERQUIM,1,PT,G,591-MFE 24N-9K-12S+EM-CALFERQUIM 1-G,,"24,00",,,,,"0,00","9,00",,,"12,00",,,,,,,,,,,,,,,,,,,
592-MFE 28N-5P-0K+EM-CALFERQUIM 1-G,592,MFE 28N-5P-0K+EM,CALFERQUIM,1,PT,G,592-MFE 28N-5P-0K+EM-CALFERQUIM 1-G,,"28,00",,,,,"5,00","0,00",,,,,,,,,,,,,,,,,,,,,,
593-MFE 23N-4P-9K+EM-CALFERQUIM 1-G,593,MFE 23N-4P-9K+EM,CALFERQUIM,1,PT,G,593-MFE 23N-4P-9K+EM-CALFERQUIM 1-G,,"23,00",,,,,"4,00","9,00",,,,,,,,,,,,,,,,,,,,,,
594-MFE 26N-11P-6K+EM-CALFERQUIM 1-G,594,MFE 26N-11P-6K+EM,CALFERQUIM,1,PT,G,594-MFE 26N-11P-6K+EM-CALFERQUIM 1-G,,"26,00",,,,,"11,00","6,00",,,,,,,,,,,,,,,,,,,,,,
596-MFE 20N-3P-14K+EM-CALFERQUIM 1-G,596,MFE 20N-3P-14K+EM,CALFERQUIM,1,PT,G,596-MFE 20N-3P-14K+EM-CALFERQUIM 1-G,,"20,00",,,,,"3,00","14,00",,,,,,,,,,,,,,,,,,,,,,
597-MFE 31N-6P-7K+EM-CALFERQUIM 1-G,597,MFE 31N-6P-7K+EM,CALFERQUIM,1,PT,G,597-MFE 31N-6P-7K+EM-CALFERQUIM 1-G,,"31,00",,,,,"6,00","7,00",,,,,,,,,,,,,,,,,,,,,,
598-MFE 30N-11P-6K+EM-CALFERQUIM 1-G,598,MFE 30N-11P-6K+EM,CALFERQUIM,1,PT,G,598-MFE 30N-11P-6K+EM-CALFERQUIM 1-G,,"30,00",,,,,"11,00","6,00",,,,,,,,,,,,,,,,,,,,,,
599-MFE 33N-6P-6K+EM-CALFERQUIM 1-G,599,MFE 33N-6P-6K+EM,CALFERQUIM,1,PT,G,599-MFE 33N-6P-6K+EM-CALFERQUIM 1-G,,"33,00",,,,,"6,00","6,00",,,,,,,,,,,,,,,,,,,,,,
600-MFE 28N-14P-6K+EM-CALFERQUIM 1-G,600,MFE 28N-14P-6K+EM,CALFERQUIM,1,PT,G,600-MFE 28N-14P-6K+EM-CALFERQUIM 1-G,,"28,00",,,,,"14,00","6,00",,,,,,,,,,,,,,,,,,,,,,
601-MFE 13N-6P-6K+EM-CALFERQUIM 1-G,601,MFE 13N-6P-6K+EM,CALFERQUIM,1,PT,G,601-MFE 13N-6P-6K+EM-CALFERQUIM 1-G,,"13,00",,,,,"6,00","6,00",,,,,,,,,,,,,,,,,,,,,,
602-MFE 15N-21P-1K+EM-CALFERQUIM 1-G,602,MFE 15N-21P-1K+EM,CALFERQUIM,1,PT,G,602-MFE 15N-21P-1K+EM-CALFERQUIM 1-G,,"15,00",,,,,"21,00","1,00",,,,,,,,,,,,,,,,,,,,,,
603-MFE 6N-6P-33K+EM-CALFERQUIM 1-G,603,MFE 6N-6P-33K+EM,CALFERQUIM,1,PT,G,603-MFE 6N-6P-33K+EM-CALFERQUIM 1-G,,"6,00",,,,,"6,00","33,00",,,,,,,,,,,,,,,,,,,,,,
604-NUCLEO MAGNESIO-SILICIO-CALFERQUIM 1-G,604,NUCLEO MAGNESIO-SILICIO,CALFERQUIM,1,PT,G,604-NUCLEO MAGNESIO-SILICIO-CALFERQUIM 1-G,,,,,,,,,,"28,00","1,00",,,,,,,"30,00",,,,,,,,,,,,
605-MFE 22N-7K-12S+EM-CALFERQUIM 1-G,605,MFE 22N-7K-12S+EM,CALFERQUIM,1,PT,G,605-MFE 22N-7K-12S+EM-CALFERQUIM 1-G,,"22,00",,,,,"0,00","7,00",,,"12,00",,,,,,,,,,,,,,,,,,,
606-MF 27N-6P-13K+EM-CALFERQUIM 1-G,606,MF 27N-6P-13K+EM,CALFERQUIM,1,PT,G,606-MF 27N-6P-13K+EM-CALFERQUIM 1-G,,"27,00",,,,,"6,00","13,00",,,,,,,,,,,,,,,,,,,,,,
607-MFE 29N-1P-11K+EM-CALFERQUIM 1-G,607,MFE 29N-1P-11K+EM,CALFERQUIM,1,PT,G,607-MFE 29N-1P-11K+EM-CALFERQUIM 1-G,,"29,00",,,,,"1,00","11,00",,,,,,,,,,,,,,,,,,,,,,
608-MFE 29N 10P 6K + EM-CALFERQUIM 1-G,608,MFE 29N 10P 6K + EM,CALFERQUIM,1,PT,G,608-MFE 29N 10P 6K + EM-CALFERQUIM 1-G,,"29,00",,,,,"10,00","6,00",,,,,,,,,,,,,,,,,,,,,,
609-MFE 28N-5P-9K+EM-CALFERQUIM 1-G,609,MFE 28N-5P-9K+EM,CALFERQUIM,1,PT,G,609-MFE 28N-5P-9K+EM-CALFERQUIM 1-G,,"28,00",,,,,"5,00","9,00",,,,,,,,,,,,,,,,,,,,,,
61-NUCLEO MENORES-CALFERQUIM 1-G,61,NUCLEO MENORES,CALFERQUIM,1,PT,G,61-NUCLEO MENORES-CALFERQUIM 1-G,,,,,,,,,,,,,,,,,,,,,,,,,,,,,,
610-MFE 27N-8P-9K+EM KILO-CALFERQUIM 1-G,610,MFE 27N-8P-9K+EM KILO,CALFERQUIM,1,PT,G,610-MFE 27N-8P-9K+EM KILO-CALFERQUIM 1-G,,"27,00",,,,,"8,00","9,00",,,,,,,,,,,,,,,,,,,,,,
611-NUCLEO N-CALFERQUIM 1-G,611,NUCLEO N,CALFERQUIM,1,PT,G,611-NUCLEO N-CALFERQUIM 1-G,,,,,,,,,,,,,,,,,,,,,,,,,,,,,,
612-MF 16-26-12-CALFERQUIM 1-G,612,MF 16-26-12,CALFERQUIM,1,PT,G,612-MF 16-26-12-CALFERQUIM 1-G,,"16,00",,,,,"23,00","12,00",,,,,,,,,,,,,,,,,,,,,,
613-POLVILLO MANGANESO-CALFERQUIM 1-,613,POLVILLO MANGANESO,CALFERQUIM,1,PT,,613-POLVILLO MANGANESO-CALFERQUIM 1-,,,,,,,,,,,,,,,,,,,,,,,,,,,,,,
614-MFE 24N-9P-7S+EM-CALFERQUIM 1-G,614,MFE 24N-9P-7S+EM,CALFERQUIM,1,PT,G,614-MFE 24N-9P-7S+EM-CALFERQUIM 1-G,,"24,00",,,,,"9,00","0,00",,,"7,00",,,,,,,,,,,,,,,,,,,
616-MFE 24N-6P-7K+EM-CALFERQUIM 1-G,616,MFE 24N-6P-7K+EM,CALFERQUIM,1,PT,G,616-MFE 24N-6P-7K+EM-CALFERQUIM 1-G,,"24,00",,,,,"6,00","7,00",,,,,,,,,,,,,,,,,,,,,,
617-MF 28N 1P 8K + EM-CALFERQUIM 1-G,617,MF 28N 1P 8K + EM,CALFERQUIM,1,PT,G,617-MF 28N 1P 8K + EM-CALFERQUIM 1-G,,"28,00",,,,,"1,00","8,00",,,,,,,,,,,,,,,,,,,,,,
618-MF 23N 6P 8K + EM-CALFERQUIM 1-G,618,MF 23N 6P 8K + EM,CALFERQUIM,1,PT,G,618-MF 23N 6P 8K + EM-CALFERQUIM 1-G,,"23,00",,,,,"6,00","8,00",,,,,,,,,,,,,,,,,,,,,,
619-MF 26N 7P 6K + EM-CALFERQUIM 1-G,619,MF 26N 7P 6K + EM,CALFERQUIM,1,PT,G,619-MF 26N 7P 6K + EM-CALFERQUIM 1-G,,"26,00",,,,,"7,00","6,00",,,,,,,,,,,,,,,,,,,,,,
62-NUCLEO CAMASI GRIS-CALFERQUIM 1-G,62,NUCLEO CAMASI GRIS,CALFERQUIM,1,PT,G,62-NUCLEO CAMASI GRIS-CALFERQUIM 1-G,,,,,,,,,"10,00","1,00","1,00",,,,,,,"20,00",,,,,,,,,,,,
620-MF 28N 1P 7K +EM-CALFERQUIM 1-G,620,MF 28N 1P 7K +EM,CALFERQUIM,1,PT,G,620-MF 28N 1P 7K +EM-CALFERQUIM 1-G,,"28,00",,,,,"1,00","7,00",,,,,,,,,,,,,,,,,,,,,,
621-MFE 28N 24K-CALFERQUIM 1-G,621,MFE 28N 24K,CALFERQUIM,1,PT,G,621-MFE 28N 24K-CALFERQUIM 1-G,,"28,00",,,,,"0,00","24,00",,,,,,,,,,,,,,,,,,,,,,
622-MFE 5N-8P-29K+EM-CALFERQUIM 1-G,622,MFE 5N-8P-29K+EM,CALFERQUIM,1,PT,G,622-MFE 5N-8P-29K+EM-CALFERQUIM 1-G,,"5,00",,,,,"8,00","29,00",,,,,,,,,,,,,,,,,,,,,,
623-MFE 15N-20P-2K+EM-CALFERQUIM 1-G,623,MFE 15N-20P-2K+EM,CALFERQUIM,1,PT,G,623-MFE 15N-20P-2K+EM-CALFERQUIM 1-G,,"15,00",,,,,"20,00","2,00",,,,,,,,,,,,,,,,,,,,,,
625-MFE 27N-18K-5S-CALFERQUIM 1-G,625,MFE 27N-18K-5S,CALFERQUIM,1,PT,G,625-MFE 27N-18K-5S-CALFERQUIM 1-G,,"27,00",,,,,"0,00","18,00",,,"5,00",,,,,,,,,,,,,,,,,,,
626-MF 33N-1P-12K+EM-CALFERQUIM 1-G,626,MF 33N-1P-12K+EM,CALFERQUIM,1,PT,G,626-MF 33N-1P-12K+EM-CALFERQUIM 1-G,,"33,00",,,,,"1,00","12,00",,,,,,,,,,,,,,,,,,,,,,
627-MFE 26N-2P-9K-2Ca-CALFERQUIM 1-G,627,MFE 26N-2P-9K-2Ca,CALFERQUIM,1,PT,G,627-MFE 26N-2P-9K-2Ca-CALFERQUIM 1-G,,"26,00",,,,,"2,00","9,00","2,00",,,,,,,,,,,,,,,,,,,,,
628-MFE 25N-4P-14K+EM-CALFERQUIM 1-G,628,MFE 25N-4P-14K+EM,CALFERQUIM,1,PT,G,628-MFE 25N-4P-14K+EM-CALFERQUIM 1-G,,"25,00",,,,,"4,00","14,00",,,,,,,,,,,,,,,,,,,,,,
629-MFE 25N-0P-8K+EM-CALFERQUIM 1-G,629,MFE 25N-0P-8K+EM,CALFERQUIM,1,PT,G,629-MFE 25N-0P-8K+EM-CALFERQUIM 1-G,,"25,00",,,,,"0,00","8,00",,,,,,,,,,,,,,,,,,,,,,
630-MF 27N-0P-14K+EM-CALFERQUIM 1-G,630,MF 27N-0P-14K+EM,CALFERQUIM,1,PT,G,630-MF 27N-0P-14K+EM-CALFERQUIM 1-G,,"27,00",,,,,"0,00","14,00",,,"5,00",,,,,,,"2,00",,,,,,,,,,,,
631-MF 20N-8P-10K+EM-CALFERQUIM 1-G,631,MF 20N-8P-10K+EM,CALFERQUIM,1,PT,G,631-MF 20N-8P-10K+EM-CALFERQUIM 1-G,,"20,00",,,,,"8,00","10,00",,,,,,,,,,,,,,,,,,,,,,
632-MF 21N-9P-9K+EM-CALFERQUIM 1-G,632,MF 21N-9P-9K+EM,CALFERQUIM,1,PT,G,632-MF 21N-9P-9K+EM-CALFERQUIM 1-G,,"21,00",,,,,"9,00","9,00",,,,,,,,,,,,,,,,,,,,,,
633-MF 22N-6P-7K+EM-CALFERQUIM 1-G,633,MF 22N-6P-7K+EM,CALFERQUIM,1,PT,G,633-MF 22N-6P-7K+EM-CALFERQUIM 1-G,,"22,00",,,,,"6,00","7,00",,,,,,,,,,,,,,,,,,,,,,
634-MF 22N-9P-9K+EM-CALFERQUIM 1-G,634,MF 22N-9P-9K+EM,CALFERQUIM,1,PT,G,634-MF 22N-9P-9K+EM-CALFERQUIM 1-G,,"22,00",,,,,"9,00","9,00",,,,,,,,,,,,,,,,,,,,,,
635-MFE 15N-9P-20K+EM-CALFERQUIM 1-G,635,MFE 15N-9P-20K+EM,CALFERQUIM,1,PT,G,635-MFE 15N-9P-20K+EM-CALFERQUIM 1-G,,"15,00",,,,,"9,00","20,00",,,,,,,,,,,,,,,,,,,,,,
636-POLVILLO NUCLEO CAMASI ROJO-CALFERQUIM 1-,636,POLVILLO NUCLEO CAMASI ROJO,CALFERQUIM,1,PT,,636-POLVILLO NUCLEO CAMASI ROJO-CALFERQUIM 1-,,,,,,,,,,,,,,,,,,,,,,,,,,,,,,
637-POLVILLO FOSFORO ESPECIAL-CALFERQUIM 1-,637,POLVILLO FOSFORO ESPECIAL,CALFERQUIM,1,PT,,637-POLVILLO FOSFORO ESPECIAL-CALFERQUIM 1-,,,,,,,,,,,,,,,,,,,,,,,,,,,,,,
638-POLVILLO SAM GRANULADO-CALFERQUIM 1-,638,POLVILLO SAM GRANULADO,CALFERQUIM,1,PT,,638-POLVILLO SAM GRANULADO-CALFERQUIM 1-,,,,,,,,,,,,,,,,,,,,,,,,,,,,,,
639-MFE 22N-8P-10K+EM-CALFERQUIM 1-G,639,MFE 22N-8P-10K+EM,CALFERQUIM,1,PT,G,639-MFE 22N-8P-10K+EM-CALFERQUIM 1-G,,"22,00",,,,,"8,00","10,00",,,,,,,,,,,,,,,,,,,,,,
640-MF 3N-13P-32K+EM-CALFERQUIM 1-G,640,MF 3N-13P-32K+EM,CALFERQUIM,1,PT,G,640-MF 3N-13P-32K+EM-CALFERQUIM 1-G,,"3,00",,,,,"13,00","32,00",,,,,,,,,,,,,,,,,,,,,,
641-MFE 10N-24P-14K +EM-CALFERQUIM 1-G,641,MFE 10N-24P-14K +EM,CALFERQUIM,1,PT,G,641-MFE 10N-24P-14K +EM-CALFERQUIM 1-G,,"10,00",,,,,"24,00","14,00",,,,,,,,,,,,,,,,,,,,,,
642-MF 27N-3P-12K+EM-CALFERQUIM 1-G,642,MF 27N-3P-12K+EM,CALFERQUIM,1,PT,G,642-MF 27N-3P-12K+EM-CALFERQUIM 1-G,,"27,00",,,,,"3,00","12,00",,,,,,,,,,,,,,,,,,,,,,
643-FE SULFATO ZINC 22-CALFERQUIM 1-G,643,FE SULFATO ZINC 22,CALFERQUIM,1,PT,G,643-FE SULFATO ZINC 22-CALFERQUIM 1-G,,,,,,,,,,,,,,,,,,,"22,00",,,,,,,,,,,
644-MFE 25N-8P-16K+EM-CALFERQUIM 1-G,644,MFE 25N-8P-16K+EM,CALFERQUIM,1,PT,G,644-MFE 25N-8P-16K+EM-CALFERQUIM 1-G,,"25,00",,,,,"8,00","16,00",,,,,,,,,,,,,,,,,,,,,,
645-MFE 22N-3P-3K+EM-CALFERQUIM 1-G,645,MFE 22N-3P-3K+EM,CALFERQUIM,1,PT,G,645-MFE 22N-3P-3K+EM-CALFERQUIM 1-G,,"22,00",,,,,"3,00","3,00",,,,,,,,,,,,,,,,,,,,,,
646-MFE 11N-25P-9K+EM-CALFERQUIM 1-G,646,MFE 11N-25P-9K+EM,CALFERQUIM,1,PT,G,646-MFE 11N-25P-9K+EM-CALFERQUIM 1-G,,"11,00",,,,,"25,00","9,00",,,,,,,,,,,,,,,,,,,,,,
647-MFE 25N-8P-16K+EM-CALFERQUIM 1-G,647,MFE 25N-8P-16K+EM,CALFERQUIM,1,PT,G,647-MFE 25N-8P-16K+EM-CALFERQUIM 1-G,,"25,00",,,,,"8,00","16,00",,,,,,,,,,,,,,,,,,,,,,
648-MF 25N-8P-14K+EM-CALFERQUIM 1-G,648,MF 25N-8P-14K+EM,CALFERQUIM,1,PT,G,648-MF 25N-8P-14K+EM-CALFERQUIM 1-G,,"25,00",,,,,"8,00","14,00",,,,,,,,,,,,,,,,,,,,,,
649-MFE 18N-2P-0K+EM-CALFERQUIM 1-G,649,MFE 18N-2P-0K+EM,CALFERQUIM,1,PT,G,649-MFE 18N-2P-0K+EM-CALFERQUIM 1-G,,"18,00",,,,,"2,00","0,00",,,,,,,,,,,,,,,,,,,,,,
65-NUCLEO 4-CALFERQUIM 1-G,65,NUCLEO 4,CALFERQUIM,1,PT,G,65-NUCLEO 4-CALFERQUIM 1-G,,,,,,,,,"18,00","18,00","4,00",,,,,,,"14,00",,,,,,,,,,,,
650-MFE 24N-2P-9K+EM-CALFERQUIM 1-G,650,MFE 24N-2P-9K+EM,CALFERQUIM,1,PT,G,650-MFE 24N-2P-9K+EM-CALFERQUIM 1-G,,"24,00",,,,,"2,00","9,00",,,,,,,,,,,,,,,,,,,,,,
651-MFE 23N-4P-16K+EM-CALFERQUIM 1-G,651,MFE 23N-4P-16K+EM,CALFERQUIM,1,PT,G,651-MFE 23N-4P-16K+EM-CALFERQUIM 1-G,,"23,00",,,,,"4,00","16,00",,,,,,,,,,,,,,,,,,,,,,
652-MF 25N-7P-7K+EM-CALFERQUIM 1-G,652,MF 25N-7P-7K+EM,CALFERQUIM,1,PT,G,652-MF 25N-7P-7K+EM-CALFERQUIM 1-G,,"25,00",,,,,"7,00","7,00",,,,,,,,,,,,,,,,,,,,,,
178-MKP-PRECISAGRO 1-C,178,MKP,PRECISAGRO,1,MP,C,178-MKP-PRECISAGRO 1-C,,,,,,,"52,00","34,00",,,,,,,,,,,,,,,,,,,,,,
354-NITRABOR- 1-G,354,NITRABOR,,1,MP,G,354-NITRABOR- 1-G,,,,,,,,,,,,,,,,,,,,,,,,,,,,,,
653-MF 27N-1P-8K+EM-CALFERQUIM 1-G,653,MF 27N-1P-8K+EM,CALFERQUIM,1,PT,G,653-MF 27N-1P-8K+EM-CALFERQUIM 1-G,,"27,00",,,,,"1,00","8,00",,,,,,,,,,,,,,,,,,,,,,
654-MFE 21N-7P-8K + EM-CALFERQUIM 1-G,654,MFE 21N-7P-8K + EM,CALFERQUIM,1,PT,G,654-MFE 21N-7P-8K + EM-CALFERQUIM 1-G,,"21,00",,,,,"7,00","8,00",,,,,,,,,,,,,,,,,,,,,,
655-FE NUCLEO N-CALFERQUIM 1-G,655,FE NUCLEO N,CALFERQUIM,1,PT,G,655-FE NUCLEO N-CALFERQUIM 1-G,,,,,,,,,,,,,,,,,,,,,,,,,,,,,,
656-MF 25N-4P-17K+EM-CALFERQUIM 1-G,656,MF 25N-4P-17K+EM,CALFERQUIM,1,PT,G,656-MF 25N-4P-17K+EM-CALFERQUIM 1-G,,"25,00",,,,,"4,00","17,00",,,,,,,,,,,,,,,,,,,,,,
657-MFE 28N-4P-9K+EM-CALFERQUIM 1-G,657,MFE 28N-4P-9K+EM,CALFERQUIM,1,PT,G,657-MFE 28N-4P-9K+EM-CALFERQUIM 1-G,,"28,00",,,,,"4,00","9,00",,,,,,,,,,,,,,,,,,,,,,
658-MFE 16N-21P-5K+EM-CALFERQUIM 1-G,658,MFE 16N-21P-5K+EM,CALFERQUIM,1,PT,G,658-MFE 16N-21P-5K+EM-CALFERQUIM 1-G,,"16,00",,,,,"21,00","5,00",,,,,,,,,,,,,,,,,,,,,,
659-MFE 13N-15P-10K+EM-CALFERQUIM 1-G,659,MFE 13N-15P-10K+EM,CALFERQUIM,1,PT,G,659-MFE 13N-15P-10K+EM-CALFERQUIM 1-G,,"13,00",,,,,"16,00","10,00",,,,,,,,,,,,,,,,,,,,,,
660-MFE 11N-9P-18K+EM-CALFERQUIM 1-G,660,MFE 11N-9P-18K+EM,CALFERQUIM,1,PT,G,660-MFE 11N-9P-18K+EM-CALFERQUIM 1-G,,"11,00",,,,,"9,00","18,00",,,,,,,,,,,,,,,,,,,,,,
661-MFE 7N-8P-30K+EM-CALFERQUIM 1-G,661,MFE 7N-8P-30K+EM,CALFERQUIM,1,PT,G,661-MFE 7N-8P-30K+EM-CALFERQUIM 1-G,,"7,00",,,,,"8,00","30,00",,,,,,,,,,,,,,,,,,,,,,
662-MFE 22N-6P-3K+EM-CALFERQUIM 1-G,662,MFE 22N-6P-3K+EM,CALFERQUIM,1,PT,G,662-MFE 22N-6P-3K+EM-CALFERQUIM 1-G,,"22,00",,,,,"6,00","3,00",,,,,,,,,,,,,,,,,,,,,,
302-NUCLEO HIERRO-CAMPOFERT 1-G,302,NUCLEO HIERRO,CAMPOFERT,1,MP,G,302-NUCLEO HIERRO-CAMPOFERT 1-G,,,,,,,,,,,,,,,,,,,,,,,,,,,,,,
663-FE FERTIMENORES-CALFERQUIM 1-G,663,FE FERTIMENORES,CALFERQUIM,1,PT,G,663-FE FERTIMENORES-CALFERQUIM 1-G,,"4,00",,,,,"10,00",,"13,00","7,00","7,00","1,00","0,50",,,,,,"2,50",,,,,,,,,,,
664-MFE 22N-0P-19K+EM-CALFERQUIM 1-G,664,MFE 22N-0P-19K+EM,CALFERQUIM,1,PT,G,664-MFE 22N-0P-19K+EM-CALFERQUIM 1-G,,"22,00",,,,,"0,00","19,00",,,,,,,,,,,,,,,,,,,,,,
665-MF 32N-1P-12K+EM-CALFERQUIM 1-G,665,MF 32N-1P-12K+EM,CALFERQUIM,1,PT,G,665-MF 32N-1P-12K+EM-CALFERQUIM 1-G,,"32,00",,,,,"1,00","12,00",,,,,,,,,,,,,,,,,,,,,,
666-MFE 4N-9P-0K+ EM-CALFERQUIM 1-G,666,MFE 4N-9P-0K+ EM,CALFERQUIM,1,PT,G,666-MFE 4N-9P-0K+ EM-CALFERQUIM 1-G,,"4,00",,,,,"9,00","0,00",,,,,,,,,,,,,,,,,,,,,,
668-MFE 10N-6P-6K+EM-CALFERQUIM 1-G,668,MFE 10N-6P-6K+EM,CALFERQUIM,1,PT,G,668-MFE 10N-6P-6K+EM-CALFERQUIM 1-G,,"10,00",,,,,"6,00","6,00",,,,,,,,,,,,,,,,,,,,,,
669-MFE 23N-1P-18K+EM-CALFERQUIM 1-G,669,MFE 23N-1P-18K+EM,CALFERQUIM,1,PT,G,669-MFE 23N-1P-18K+EM-CALFERQUIM 1-G,,"23,00",,,,,"1,00","18,00",,,,,,,,,,,,,,,,,,,,,,
670-MF 10N-9P-30K-CALFERQUIM 1-G,670,MF 10N-9P-30K,CALFERQUIM,1,PT,G,670-MF 10N-9P-30K-CALFERQUIM 1-G,,"10,00",,,,,"9,00","30,00",,,,,,,,,,,,,,,,,,,,,,
671-MFE 31N-5P-0K+EM-CALFERQUIM 1-G,671,MFE 31N-5P-0K+EM,CALFERQUIM,1,PT,G,671-MFE 31N-5P-0K+EM-CALFERQUIM 1-G,,"31,00",,,,,"5,00","0,00",,,,,,,,,,,,,,,,,,,,,,
57-OXIDO MAGNESIO-ATEQUIMICOS 1-P,57,OXIDO MAGNESIO,ATEQUIMICOS,1,MP,P,57-OXIDO MAGNESIO-ATEQUIMICOS 1-P,,,,,,,,,"3,00","90,00",,,,,,,,"5,00",,,,,,,,,,,,
56-OXIDO ZINC- 1-,56,OXIDO ZINC,,1,MP,,56-OXIDO ZINC- 1-,,,,,,,,,,,,,,,,,,,,,,,,,,,,,,
55-OXIDO ZINC 70- 1-,55,OXIDO ZINC 70,,1,MP,,55-OXIDO ZINC 70- 1-,,,,,,,,,,,,,,,,,,,,,,,,,,,,,,
349-PANTEKALI-DISAN 2-,349,PANTEKALI,DISAN,2,MP,,349-PANTEKALI-DISAN 2-,,,,,,,,"30,00",,"10,00","17,00",,,,,,,,,,,,,,,,,,,
349-PANTEKALI-PRECISAGRO 1-,349,PANTEKALI,PRECISAGRO,1,MP,,349-PANTEKALI-PRECISAGRO 1-,,,,,,,,"30,00",,"10,00","17,00",,,,,,,,,,,,,,,,,,,
672-MFE 27N-20P-0K+EM-CALFERQUIM 1-G,672,MFE 27N-20P-0K+EM,CALFERQUIM,1,PT,G,672-MFE 27N-20P-0K+EM-CALFERQUIM 1-G,,"27,00",,,,,"20,00","0,00",,,,,,,,,,,,,,,,,,,,,,
673-MFE 0N-1P0K+EM-CALFERQUIM 1-G,673,MFE 0N-1P0K+EM,CALFERQUIM,1,PT,G,673-MFE 0N-1P0K+EM-CALFERQUIM 1-G,,"0,00",,,,,"1,00","0,00",,,,,,,,,,,,,,,,,,,,,,
674-MFE 19N-25P-6K+EM-CALFERQUIM 1-G,674,MFE 19N-25P-6K+EM,CALFERQUIM,1,PT,G,674-MFE 19N-25P-6K+EM-CALFERQUIM 1-G,,"19,00",,,,,"25,00","6,00",,,,,,,,,,,,,,,,,,,,,,
676-MFE 30N-9P-0K+EM-CALFERQUIM 1-G,676,MFE 30N-9P-0K+EM,CALFERQUIM,1,PT,G,676-MFE 30N-9P-0K+EM-CALFERQUIM 1-G,,"30,00",,,,,"9,00","0,00",,,,,,,,,,,,,,,,,,,,,,
677-MFE 25N-6P-0K+EM-CALFERQUIM 1-G,677,MFE 25N-6P-0K+EM,CALFERQUIM,1,PT,G,677-MFE 25N-6P-0K+EM-CALFERQUIM 1-G,,"25,00",,,,,"6,00","0,00",,,,,,,,,,,,,,,,,,,,,,
678-ABONO ORGANICO-CALFERQUIM 1-G,678,ABONO ORGANICO,CALFERQUIM,1,MP,G,678-ABONO ORGANICO-CALFERQUIM 1-G,,,,,,,,,,,,,,,,,,,,,,,,,,,,,,
470-POLVILLO KCL GRANULADO- 1-,470,POLVILLO KCL GRANULADO,,1,MP,,470-POLVILLO KCL GRANULADO- 1-,,,,,,,,,,,,,,,,,,,,,,,,,,,,,,
679-NUCLEO FOSFORO 10-CALFERQUIM 1-G,679,NUCLEO FOSFORO 10,CALFERQUIM,1,PT,G,679-NUCLEO FOSFORO 10-CALFERQUIM 1-G,,,,,,,"10,00",,"14,00","2,00","5,00",,,,,,,"2,00",,,,,,,,,,,,
680-FE ZUELOCa POLVO-CALFERQUIM 1-P,680,FE ZUELOCa POLVO,CALFERQUIM,1,PT,P,680-FE ZUELOCa POLVO-CALFERQUIM 1-P,,,,,,,,,,,,,,,,,,,,,,,,,,,,,,
682-MFE 26N-7P-0K+EM-CALFERQUIM 1-G,682,MFE 26N-7P-0K+EM,CALFERQUIM,1,PT,G,682-MFE 26N-7P-0K+EM-CALFERQUIM 1-G,,"26,00",,,,,"7,00","0,00",,,,,,,,,,,,,,,,,,,,,,
683-MFE 29N-6P-12K+EM-CALFERQUIM 1-G,683,MFE 29N-6P-12K+EM,CALFERQUIM,1,PT,G,683-MFE 29N-6P-12K+EM-CALFERQUIM 1-G,,"29,00",,,,,"6,00","12,00",,,,,,,,,,,,,,,,,,,,,,
684-POLVILLO FOSFORO 10-CALFERQUIM 1-,684,POLVILLO FOSFORO 10,CALFERQUIM,1,PT,,684-POLVILLO FOSFORO 10-CALFERQUIM 1-,,,,,,,,,,,,,,,,,,,,,,,,,,,,,,
685-POLVILLO NUCLEO SILICIO-MAGNESIO-CALFERQUIM 1-,685,POLVILLO NUCLEO SILICIO-MAGNESIO,CALFERQUIM,1,PT,,685-POLVILLO NUCLEO SILICIO-MAGNESIO-CALFERQUIM 1-,,,,,,,,,,,,,,,,,,,,,,,,,,,,,,
803-NUCLEO MAGNESIO-S-CALFERQUIM 1-G,803,NUCLEO MAGNESIO-S,CALFERQUIM,1,PT,G,803-NUCLEO MAGNESIO-S-CALFERQUIM 1-G,,,,,,,,,,"16,00","8,00",,,,,,,,,,,,,,,,,,,
804-NUCLEO MAGNESIO-S EM-CALFERQUIM 1-G,804,NUCLEO MAGNESIO-S EM,CALFERQUIM,1,PT,G,804-NUCLEO MAGNESIO-S EM-CALFERQUIM 1-G,,,,,,,,,,,,,,,,,,,,,,,,,,,,,,
81-MF 31-8-8-2-CALFERQUIM 1-G,81,MF 31-8-8-2,CALFERQUIM,1,PT,G,81-MF 31-8-8-2-CALFERQUIM 1-G,,"31,00",,,,,"8,00","8,00","2,00",,,,,,,,,,,,,,,,,,,,,
82-MF 25-4-24-CALFERQUIM 1-G,82,MF 25-4-24,CALFERQUIM,1,PT,G,82-MF 25-4-24-CALFERQUIM 1-G,,"25,00",,,,,"4,00","24,00",,,,,,,,,,,,,,,,,,,,,,
83-MF 18-18-18-CALFERQUIM 1-G,83,MF 18-18-18,CALFERQUIM,1,PT,G,83-MF 18-18-18-CALFERQUIM 1-G,,"18,00",,,,,"18,00","18,00",,,,,,,,,,,,,,,,,,,,,,
84-MF 17-6-18-2-1-CALFERQUIM 1-G,84,MF 17-6-18-2-1,CALFERQUIM,1,PT,G,84-MF 17-6-18-2-1-CALFERQUIM 1-G,,"17,00",,,,,"6,00","18,00","2,00","1,00",,,,,,,,,,,,,,,,,,,,
840-MFE 30N-0P-20K-CALFERQUIM 1-G,840,MFE 30N-0P-20K,CALFERQUIM,1,PT,G,840-MFE 30N-0P-20K-CALFERQUIM 1-G,,"30,00",,,,,"0,00","20,00",,,,,,,,,,,,,,,,,,,,,,
85-MF 15-15-15-CALFERQUIM 1-G,85,MF 15-15-15,CALFERQUIM,1,PT,G,85-MF 15-15-15-CALFERQUIM 1-G,,"15,00",,,,,"15,00","15,00",,,,,,,,,,,,,,,,,,,,,,
86-MF 10-30-10-CALFERQUIM 1-G,86,MF 10-30-10,CALFERQUIM,1,PT,G,86-MF 10-30-10-CALFERQUIM 1-G,,"10,00",,,,,"30,00","10,00",,,,,,,,,,,,,,,,,,,,,,
965-MFE 24N-4P-10K+EM-CALFERQUIM 1-G,965,MFE 24N-4P-10K+EM,CALFERQUIM,1,PT,G,965-MFE 24N-4P-10K+EM-CALFERQUIM 1-G,,"24,00",,,,,"4,00","10,00",,,,,,,,,,,,,,,,,,,,,,
97-DAP-CALFERQUIM 2-G,97,DAP,CALFERQUIM,2,MP,G,97-DAP-CALFERQUIM 2-G,,"18,00","18,00",,,,"46,00",,,,,,,,,,,,,,,,,,,,,,,
997-SULFATO ZINC 22-CALFERQUIM 1-P,997,SULFATO ZINC 22,CALFERQUIM,1,PT,P,997-SULFATO ZINC 22-CALFERQUIM 1-P,,,,,,,,,,,,,,,,,,,,,,,,,,,,,,
31-ROCA FOSFRICA-FOSFATOS HUILA 1-P,31,ROCA FOSFRICA,FOSFATOS HUILA,1,MP,P,31-ROCA FOSFRICA-FOSFATOS HUILA 1-P,,,,,,,"31,00",,"37,00",,,,,,,,,,,,,,,,,,,,,
832-ROCA FOSFORICA-24-PRACO 1-P,832,ROCA FOSFORICA-24,PRACO,1,MP,P,832-ROCA FOSFORICA-24-PRACO 1-P,,,,,,,"24,00",,,,,,,,,,,,,,,,,,,,,,,
290-ROCA FOSFORICA-26-PRACO 1-P,290,ROCA FOSFORICA-26,PRACO,1,MP,P,290-ROCA FOSFORICA-26-PRACO 1-P,,,,,,,"26,00",,"29,00",,,,,,,,,,,,,,,,,,,,,
34-ROCA FOSFRICA-28-PRACO 1-P,34,ROCA FOSFRICA-28,PRACO,1,MP,P,34-ROCA FOSFRICA-28-PRACO 1-P,,,,,,,"28,00",,"29,00",,,,,,,,,,,,,,,,,,,,,
681-ROCA FOSFORICA-30- 1-P,681,ROCA FOSFORICA-30,,1,MP,P,681-ROCA FOSFORICA-30- 1-P,,,,,,,"30,00",,,,,,,,,,,,,,,,,,,,,,,
9999-BIORGANIK-CALFERQUIM 1-P,9999,BIORGANIK,CALFERQUIM,1,PT,P,9999-BIORGANIK-CALFERQUIM 1-P,"16,00","1,00",,,,,"1,00","2,00",,,,,,,,,,,,,,,,,,,,,,
999-1-CRECIMIENTO-CALFERQUIM 1-,x1,1-CRECIMIENTO,CALFERQUIM,1,PT,,999-1-CRECIMIENTO-CALFERQUIM 1-,,"30,00","2,00","3,00",,"25,00","10,50","10,50",,"0,60","0,58","0,02","0,00","0,02","0,05","0,05","0,01",,"0,02",,,,,,,,,,,
32-SAM-EVOAGRO 3-G,32,SAM,EVOAGRO,3,MP,G,32-SAM-EVOAGRO 3-G,,"21,00","21,00",,,,,,,,"24,00",,,,,,,,,,,,,,,,,,,
32-SAM-NUTRICION PLANTAS 1-G,32,SAM,NUTRICION PLANTAS,1,MP,G,32-SAM-NUTRICION PLANTAS 1-G,,"21,00","21,00",,,,,,,,"24,00",,,,,,,,,,,,,,,,,,,
32-SAM-PRECISAGRO 2-G,32,SAM,PRECISAGRO,2,MP,G,32-SAM-PRECISAGRO 2-G,,"21,00","21,00",,,,,,,,"24,00",,,,,,,,,,,,,,,,,,,
40-SAM STD- 1-P,40,SAM STD,,1,MP,P,40-SAM STD- 1-P,,,,,,,,,,,,,,,,,,,,,,,,,,,,,,
171-SILICATO HIERRO-HYM 1-P,171,SILICATO HIERRO,HYM,1,MP,P,171-SILICATO HIERRO-HYM 1-P,,,,,,,,,,,,,,,,,,,,,,,,,,,,,,
274-SILICATO MAGNESIO-JULIAN SALDARRIAGA 1-P,274,SILICATO MAGNESIO,JULIAN SALDARRIAGA,1,MP,P,274-SILICATO MAGNESIO-JULIAN SALDARRIAGA 1-P,,,,,,,,,,"36,00",,,,,,,,"40,00",,,,,,,,,,,,
37-SILICATO SODIO- 1-P,37,SILICATO SODIO,,1,MP,P,37-SILICATO SODIO- 1-P,,,,,,,,,,,,,,,,,,,,,,,,,,,,,,
999-2-AVANCE-CALFERQUIM 1-,x2,2-AVANCE,CALFERQUIM,1,PT,,999-2-AVANCE-CALFERQUIM 1-,,"19,50","6,00","3,00",,"10,50","31,00","10,50",,"1,00","1,05","0,02","0,00","0,03","0,08","0,09","0,01",,"0,02",,,,,,,,,,,
5-SULFATO CALCIO-AGROINSUMOS 2-P,5,SULFATO CALCIO,AGROINSUMOS,2,MP,P,5-SULFATO CALCIO-AGROINSUMOS 2-P,,,,,,,,,"26,00",,"13,00",,,,,,,,,,,,,,,,,,,
5-SULFATO CALCIO-ANIBAL ARANGO 1-P,5,SULFATO CALCIO,ANIBAL ARANGO,1,MP,P,5-SULFATO CALCIO-ANIBAL ARANGO 1-P,,,,,,,,,"26,00",,"13,00",,,,,,,,,,,,,,,,,,,
505-SULFATO CALCIO SUCROAL- 1-P,505,SULFATO CALCIO SUCROAL,,1,MP,P,505-SULFATO CALCIO SUCROAL- 1-P,,,,,,,,,,,,,,,,,,,,,,,,,,,,,,
831-SULFATO COBRE- 1-P,831,SULFATO COBRE,,1,MP,P,831-SULFATO COBRE- 1-P,,,,,,,,,,,,,,,,,,,,,,,,,,,,,,
30-SULFATO COBRE 22- 1-P,30,SULFATO COBRE 22,,1,MP,P,30-SULFATO COBRE 22- 1-P,,,,,,,,,,,,,,"22,00",,,,,,,,,,,,,,,,
173-SULFATO COBRE 25- 1-P,173,SULFATO COBRE 25,,1,MP,P,173-SULFATO COBRE 25- 1-P,,,,,,,,,,,,,,,,,,,,,,,,,,,,,,
23-SULFATO DE ZINC 35%-IMPORTADO 2-P,23,SULFATO DE ZINC 35%,IMPORTADO,2,MP,P,23-SULFATO DE ZINC 35%-IMPORTADO 2-P,,,,,,,,,,,,,,,,,,,"35,00",,,,,,,,,,,
28-SULFATO HIERRO- 1-P,28,SULFATO HIERRO,,1,MP,P,28-SULFATO HIERRO- 1-P,,,,,,,,,,,,,,,,,,,,,,,,,,,,,,
425-SULFATO MANGANESO- 1-P,425,SULFATO MANGANESO,,1,MP,P,425-SULFATO MANGANESO- 1-P,,,,,,,,,,,,,,,,,,,,,,,,,,,,,,
167-SULFATO POTASIO-AGRICULTURA Y SERVICIOS 1-G,167,SULFATO POTASIO,AGRICULTURA Y SERVICIOS,1,MP,G,167-SULFATO POTASIO-AGRICULTURA Y SERVICIOS 1-G,,,,,,,,"52,00",,,"18,00",,,,,,,,,,,,,,,,,,,
197-SULFATO POTASIO-PRECISAGRO 1-C,197,SULFATO POTASIO,PRECISAGRO,1,MP,C,197-SULFATO POTASIO-PRECISAGRO 1-C,,,,,,,,"52,00",,,"18,00",,,,,,,,,,,,,,,,,,,
999-3-PRODUCTOR-CALFERQUIM 1-,x3,3-PRODUCTOR,CALFERQUIM,1,PT,,999-3-PRODUCTOR-CALFERQUIM 1-,,"7,00",,,,,,,,,,,,,,,,,,,,,,,,,,,,
21-SULFATO ZINC 22 MP- 1-P,21,SULFATO ZINC 22 MP,,1,MP,P,21-SULFATO ZINC 22 MP- 1-P,,,,,,,,,,,,,,,,,,,"22,00",,,,,,,,,,,
227-SULFATO ZINC 32- 1-P,227,SULFATO ZINC 32,,1,MP,P,227-SULFATO ZINC 32- 1-P,,,,,,,,,,,,,,,,,,,,,,,,,,,,,,
23-SULFATO ZINC 35-ATEQUIMICOS 1-P,23,SULFATO ZINC 35,ATEQUIMICOS,1,MP,P,23-SULFATO ZINC 35-ATEQUIMICOS 1-P,,,,,,,,,,,,,,,,,,,"35,00",,,,,,,,,,,
323-SULFATO ZINC 38- 1-P,323,SULFATO ZINC 38,,1,MP,P,323-SULFATO ZINC 38- 1-P,,,,,,,,,,,,,,,,,,,,,,,,,,,,,,
999-CALFER LLENADO-CALFERQUIM 1-,x4,CALFER LLENADO,CALFERQUIM,1,PT,,999-CALFER LLENADO-CALFERQUIM 1-,,"5,00","0,26","4,74",,,"15,00","45,00",,"1,00","4,88","2,00","0,00","0,02","0,06","0,06","0,01",,"0,02",,,,,,,,,,,
16-ULEXITA-ATEQUIMICO 1-P,16,ULEXITA,ATEQUIMICO,1,MP,P,16-ULEXITA-ATEQUIMICO 1-P,,,,,,,,,"13,00",,,"14,00",,,,,,,,,,,,,,,,,,
16-ULEXITA-MANUCHAR 2-C,16,ULEXITA,MANUCHAR,2,MP,C,16-ULEXITA-MANUCHAR 2-C,,,,,,,,,"18,00",,,"12,00",,,,,,,,,,,,,,,,,,
16-ULEXITA-ULEXANDER/IMPORTADA 3-P,16,ULEXITA,ULEXANDER/IMPORTADA,3,MP,P,16-ULEXITA-ULEXANDER/IMPORTADA 3-P,,,,,,,,,,,,,,,,,,,,,,,,,,,,,,
12-UREA-CIAMSA 7-G,12,UREA,CIAMSA,7,MP,G,12-UREA-CIAMSA 7-G,,"46,00",,,,"46,00",,,,,,,,,,,,,,,,,,,,,,,,
12-UREA-DISAN 6-G,12,UREA,DISAN,6,MP,G,12-UREA-DISAN 6-G,,"46,00",,,,"46,00",,,,,,,,,,,,,,,,,,,,,,,,
12-UREA-EVOAGRO 2-G,12,UREA,EVOAGRO,2,MP,G,12-UREA-EVOAGRO 2-G,,"46,00",,,,"46,00",,,,,,,,,,,,,,,,,,,,,,,,
12-UREA-EVOAGRO 4-G,12,UREA,EVOAGRO,4,MP,G,12-UREA-EVOAGRO 4-G,,"46,00",,,,"46,00",,,,,,,,,,,,,,,,,,,,,,,,
12-UREA-NITROFERT 5-G,12,UREA,NITROFERT,5,MP,G,12-UREA-NITROFERT 5-G,,"46,00",,,,"46,00",,,,,,,,,,,,,,,,,,,,,,,,
12-UREA-NUTRICION PLANTAS 3-G,12,UREA,NUTRICION PLANTAS,3,MP,G,12-UREA-NUTRICION PLANTAS 3-G,,"46,00",,,,"46,00",,,,,,,,,,,,,,,,,,,,,,,,
12-UREA-PRECISAGRO 1-G,12,UREA,PRECISAGRO,1,MP,G,12-UREA-PRECISAGRO 1-G,,"46,00",,,,"46,00",,,,,,,,,,,,,,,,,,,,,,,,
214-VINAZA-MANUELITA 2-L,214,VINAZA,MANUELITA,2,MP,L,214-VINAZA-MANUELITA 2-L,"0,00",,,,,,,,,,,,,,,,,,,,,,,,,,,,,
214-VINAZA-MASTERCAMPO 1-L,214,VINAZA,MASTERCAMPO,1,MP,L,214-VINAZA-MASTERCAMPO 1-L,"0,00",,,,,,,,,,,,,,,,,,,,,,,,,,,,,
999-CALFER MENORES-CALFERQUIM 1-,x5,CALFER MENORES,CALFERQUIM,1,PT,,999-CALFER MENORES-CALFERQUIM 1-,,,,,,,,,,"5,00","0,26","4,74","15,00","45,00","1,00","4,88","2,00",,"0,00",,,,,,,,,,,
564-SULFATO ZINC 30%-CALFERQUIM 1-G,564,SULFATO ZINC 30%,CALFERQUIM,1,PT,G,564-SULFATO ZINC 30%-CALFERQUIM 1-G,,,,,,,,,,,,,,,,,,,"30,00",,,,,,,,,,,
274-SILICATO MAGNESIO-AGROINDUSTRIAL 2-P,274,SILICATO MAGNESIO,AGROINDUSTRIAL,2,MP,P,274-SILICATO MAGNESIO-AGROINDUSTRIAL 2-P,,,,,,,,,,"36,00",,,,,,,,"40,00",,,,,,,,,,,,